iter	Logloss	Logloss:use_weights=true	Logloss:use_weights=false
0	0.662561854	0.662561854	0.6647981705
1	0.6327852595	0.6327852595	0.6414556278
2	0.6068560226	0.6068560226	0.6192845895
3	0.5826010208	0.5826010208	0.5991204197
4	0.5617340054	0.5617340054	0.5810123869
5	0.5418205521	0.5418205521	0.5623092444
6	0.5225355918	0.5225355918	0.5462111543
7	0.5044413835	0.5044413835	0.5305732889
8	0.489615268	0.489615268	0.5173854327
9	0.475609839	0.475609839	0.5046935395
10	0.4627856722	0.4627856722	0.4924843722
11	0.4495979927	0.4495979927	0.4809229206
12	0.4392121851	0.4392121851	0.4709541603
13	0.4284231743	0.4284231743	0.4609144394
14	0.4189923977	0.4189923977	0.4526195153
15	0.4110429339	0.4110429339	0.4452622103
16	0.4025410921	0.4025410921	0.4376571855
17	0.3954352005	0.3954352005	0.43048711
18	0.3884846417	0.3884846417	0.4234341345
19	0.3813796578	0.3813796578	0.417473116
20	0.3759087995	0.3759087995	0.4116984723
21	0.3705642841	0.3705642841	0.4062958309
22	0.3656827662	0.3656827662	0.4013721466
23	0.3618038065	0.3618038065	0.3970893033
24	0.3580090406	0.3580090406	0.3930504763
25	0.3534977727	0.3534977727	0.3884190412
26	0.3491577704	0.3491577704	0.3842217242
27	0.3452686573	0.3452686573	0.380149009
28	0.341709704	0.341709704	0.3765846646
29	0.3384000151	0.3384000151	0.3732649347
30	0.3350064268	0.3350064268	0.3695379616
31	0.3325599078	0.3325599078	0.3669802633
32	0.3296736572	0.3296736572	0.3634467026
33	0.3271665848	0.3271665848	0.3606794616
34	0.3246552413	0.3246552413	0.3579216826
35	0.3224786265	0.3224786265	0.3555259909
36	0.3201745253	0.3201745253	0.3527921977
37	0.3177164328	0.3177164328	0.3498763989
38	0.31623316	0.31623316	0.3480168095
39	0.3149281736	0.3149281736	0.3461585054
40	0.3131712136	0.3131712136	0.3436838802
41	0.3112637309	0.3112637309	0.34141299
42	0.3097218863	0.3097218863	0.3394703644
43	0.3082837017	0.3082837017	0.3379138147
44	0.306959836	0.306959836	0.3363444174
45	0.3055602641	0.3055602641	0.3344889379
46	0.3046919524	0.3046919524	0.333349687
47	0.3037146133	0.3037146133	0.3321259673
48	0.3022683418	0.3022683418	0.3303295847
49	0.3016411206	0.3016411206	0.3293507793
50	0.300538227	0.300538227	0.3279015559
51	0.2999653603	0.2999653603	0.3269581588
52	0.2986362345	0.2986362345	0.3251112775
53	0.297593867	0.297593867	0.3237727477
54	0.2970161513	0.2970161513	0.3228189658
55	0.2962794396	0.2962794396	0.3216895434
56	0.2955187349	0.2955187349	0.3206634834
57	0.2944666008	0.2944666008	0.3192606409
58	0.2935151144	0.2935151144	0.3179945747
59	0.2930560631	0.2930560631	0.31725199
60	0.2922242803	0.2922242803	0.31619074
61	0.2914292165	0.2914292165	0.315101662
62	0.2906293935	0.2906293935	0.3140473963
63	0.2896462878	0.2896462878	0.3124304448
64	0.2890727193	0.2890727193	0.3115055082
65	0.2886314286	0.2886314286	0.3108367265
66	0.2880470122	0.2880470122	0.3099982228
67	0.2876784941	0.2876784941	0.3093898591
68	0.2871672896	0.2871672896	0.3086334974
69	0.286626195	0.286626195	0.3078408873
70	0.286005267	0.286005267	0.3070376708
71	0.2852051974	0.2852051974	0.3059073045
72	0.2847504388	0.2847504388	0.305264539
73	0.2840290126	0.2840290126	0.3044415492
74	0.2837045813	0.2837045813	0.3039384828
75	0.2833560125	0.2833560125	0.3034236162
76	0.2827253433	0.2827253433	0.3025912706
77	0.2821564738	0.2821564738	0.3018563258
78	0.2817062168	0.2817062168	0.3012321369
79	0.280978458	0.280978458	0.3004696727
80	0.2804741214	0.2804741214	0.2997667826
81	0.2798720684	0.2798720684	0.2989734323
82	0.2793498664	0.2793498664	0.2983401853
83	0.2787520149	0.2787520149	0.2975372157
84	0.2782329022	0.2782329022	0.2968606483
85	0.277428155	0.277428155	0.2958041331
86	0.2769478675	0.2769478675	0.295128835
87	0.2765394159	0.2765394159	0.2946508925
88	0.2760750202	0.2760750202	0.2940033902
89	0.2757180482	0.2757180482	0.2935126119
90	0.2754753529	0.2754753529	0.2931517969
91	0.2751076038	0.2751076038	0.2927137781
92	0.2744192058	0.2744192058	0.2916798524
93	0.2742383789	0.2742383789	0.2914261955
94	0.273889648	0.273889648	0.290967216
95	0.2733449806	0.2733449806	0.2902827458
96	0.2727710584	0.2727710584	0.2895115897
97	0.2723651135	0.2723651135	0.2890599867
98	0.2719579963	0.2719579963	0.2886126368
99	0.2714796279	0.2714796279	0.2880041658
100	0.2711538363	0.2711538363	0.2875868321
101	0.270823183	0.270823183	0.2871994898
102	0.2705548052	0.2705548052	0.286841592
103	0.2702982917	0.2702982917	0.286539665
104	0.2696584717	0.2696584717	0.2856703503
105	0.269084179	0.269084179	0.2850323477
106	0.268635081	0.268635081	0.2846324127
107	0.2683016388	0.2683016388	0.2842391312
108	0.2679120809	0.2679120809	0.283731889
109	0.2674077568	0.2674077568	0.2831417699
110	0.2671597292	0.2671597292	0.2828579659
111	0.2668281196	0.2668281196	0.2825136683
112	0.2664850299	0.2664850299	0.2821275018
113	0.266033342	0.266033342	0.2815302733
114	0.2656973839	0.2656973839	0.2811378529
115	0.2652622271	0.2652622271	0.2806912773
116	0.2648978173	0.2648978173	0.280307842
117	0.2643895175	0.2643895175	0.2797778502
118	0.2640082358	0.2640082358	0.279281882
119	0.2636809317	0.2636809317	0.2789021308
120	0.2632357495	0.2632357495	0.2784055021
121	0.2628828823	0.2628828823	0.2779716296
122	0.2624242874	0.2624242874	0.2774291244
123	0.2621131185	0.2621131185	0.2770878034
124	0.2618373083	0.2618373083	0.2767559418
125	0.261475467	0.261475467	0.2763435902
126	0.26115232	0.26115232	0.2759452047
127	0.2606980668	0.2606980668	0.2753918513
128	0.2604611679	0.2604611679	0.2751127144
129	0.2602171228	0.2602171228	0.2748476902
130	0.2597926709	0.2597926709	0.2743887006
131	0.2593965395	0.2593965395	0.2739917512
132	0.2589917212	0.2589917212	0.2735361482
133	0.2584980332	0.2584980332	0.2729602301
134	0.2581418865	0.2581418865	0.2726102758
135	0.2577870617	0.2577870617	0.2721815603
136	0.2574888477	0.2574888477	0.2717597095
137	0.2570211779	0.2570211779	0.2712109866
138	0.256704818	0.256704818	0.2708369334
139	0.2564069071	0.2564069071	0.2705696636
140	0.2561573618	0.2561573618	0.2702684587
141	0.2557633765	0.2557633765	0.2697745559
142	0.2554952728	0.2554952728	0.2694940255
143	0.2553304103	0.2553304103	0.2692665676
144	0.25508748	0.25508748	0.2689853291
145	0.2548157479	0.2548157479	0.2686463279
146	0.2545493828	0.2545493828	0.2683243357
147	0.2542999774	0.2542999774	0.2680349149
148	0.2539533522	0.2539533522	0.2676309393
149	0.2536132423	0.2536132423	0.267216023
150	0.2533491875	0.2533491875	0.2668932861
151	0.2529009659	0.2529009659	0.2663911733
152	0.2524979829	0.2524979829	0.265936188
153	0.2521504313	0.2521504313	0.2655550193
154	0.2518980484	0.2518980484	0.2652516063
155	0.2517220763	0.2517220763	0.2650403219
156	0.2513918077	0.2513918077	0.264683273
157	0.2512490256	0.2512490256	0.2644957754
158	0.2509065442	0.2509065442	0.2640844993
159	0.2506439841	0.2506439841	0.2638305994
160	0.2503977965	0.2503977965	0.2635496535
161	0.2501223138	0.2501223138	0.2632505238
162	0.2499872884	0.2499872884	0.2631060021
163	0.2496887226	0.2496887226	0.2628234704
164	0.2493285847	0.2493285847	0.2624487385
165	0.2491651794	0.2491651794	0.2622790599
166	0.2488925366	0.2488925366	0.2619872276
167	0.2484219842	0.2484219842	0.2614564364
168	0.2481167648	0.2481167648	0.2611240202
169	0.2479201029	0.2479201029	0.2608646509
170	0.2475239233	0.2475239233	0.2604602184
171	0.2473891976	0.2473891976	0.2602994116
172	0.2471639718	0.2471639718	0.2600108795
173	0.2468036459	0.2468036459	0.2596100961
174	0.246673272	0.246673272	0.2594304556
175	0.2464016227	0.2464016227	0.2591260692
176	0.2461495898	0.2461495898	0.2587855585
177	0.2457051178	0.2457051178	0.2583517334
178	0.2454874757	0.2454874757	0.2581207681
179	0.2450482645	0.2450482645	0.257544058
180	0.2448906183	0.2448906183	0.2573519255
181	0.2445824996	0.2445824996	0.2569953157
182	0.2443609372	0.2443609372	0.2567797603
183	0.2441477896	0.2441477896	0.2565320337
184	0.2440376878	0.2440376878	0.2563689808
185	0.243696117	0.243696117	0.2559613652
186	0.2434323266	0.2434323266	0.2556025901
187	0.243162317	0.243162317	0.2552465653
188	0.2430064002	0.2430064002	0.2550469934
189	0.2427235694	0.2427235694	0.254719079
190	0.2425511241	0.2425511241	0.2545268304
191	0.2423397956	0.2423397956	0.2542781132
192	0.2420491977	0.2420491977	0.2539303866
193	0.241902472	0.241902472	0.2537232226
194	0.2416229244	0.2416229244	0.2534526541
195	0.2414550743	0.2414550743	0.2532379709
196	0.241127777	0.241127777	0.2528818421
197	0.2409556819	0.2409556819	0.2526976182
198	0.2406729782	0.2406729782	0.2523879645
199	0.2403501755	0.2403501755	0.2520117491
200	0.2399333895	0.2399333895	0.2515854606
201	0.2396517904	0.2396517904	0.2512686052
202	0.2394040583	0.2394040583	0.2510004007
203	0.2390999681	0.2390999681	0.2506419423
204	0.238819334	0.238819334	0.2503050257
205	0.2386748348	0.2386748348	0.2500984146
206	0.2384319828	0.2384319828	0.2498318171
207	0.2381156015	0.2381156015	0.2494434966
208	0.2377498853	0.2377498853	0.2491439063
209	0.2374760679	0.2374760679	0.2488301031
210	0.2370369694	0.2370369694	0.2482596212
211	0.2367538106	0.2367538106	0.2479636626
212	0.236501342	0.236501342	0.247609511
213	0.2362522257	0.2362522257	0.247311774
214	0.2360607803	0.2360607803	0.2470559498
215	0.2358219851	0.2358219851	0.2467625059
216	0.2357402333	0.2357402333	0.2466666813
217	0.2354983778	0.2354983778	0.2463199524
218	0.235367085	0.235367085	0.2461891792
219	0.2351385696	0.2351385696	0.2459199596
220	0.2348190177	0.2348190177	0.2455480264
221	0.2346201989	0.2346201989	0.245322592
222	0.234267527	0.234267527	0.2448961442
223	0.2341306495	0.2341306495	0.2447421016
224	0.2338863925	0.2338863925	0.2444591503
225	0.2336973503	0.2336973503	0.2442889695
226	0.2335357884	0.2335357884	0.2441262638
227	0.2333842764	0.2333842764	0.2439517464
228	0.2330151061	0.2330151061	0.2435572586
229	0.2328136066	0.2328136066	0.2433189285
230	0.2325924774	0.2325924774	0.2430209331
231	0.232201186	0.232201186	0.242526291
232	0.2319516624	0.2319516624	0.2422197197
233	0.2317136159	0.2317136159	0.2419434271
234	0.2315447769	0.2315447769	0.2417382257
235	0.2313597081	0.2313597081	0.2414858557
236	0.2311655761	0.2311655761	0.2411945383
237	0.2308108572	0.2308108572	0.2407895961
238	0.2306204788	0.2306204788	0.2405657112
239	0.2304026152	0.2304026152	0.2403074306
240	0.2301925806	0.2301925806	0.2400766456
241	0.2300322748	0.2300322748	0.2398979892
242	0.2297463873	0.2297463873	0.239568384
243	0.2295618922	0.2295618922	0.239353659
244	0.2294012974	0.2294012974	0.2391356889
245	0.229192345	0.229192345	0.2389198921
246	0.2290556536	0.2290556536	0.2387693651
247	0.2287197683	0.2287197683	0.2383271102
248	0.2285265316	0.2285265316	0.2381202776
249	0.2281826315	0.2281826315	0.2377050713
250	0.2279226595	0.2279226595	0.2373920485
251	0.2277204777	0.2277204777	0.2371686969
252	0.2274129405	0.2274129405	0.2367956766
253	0.2271886013	0.2271886013	0.2365418694
254	0.226951954	0.226951954	0.2362846237
255	0.2266769011	0.2266769011	0.2359751205
256	0.2264676774	0.2264676774	0.2357536006
257	0.2263092119	0.2263092119	0.235572395
258	0.2259940333	0.2259940333	0.2351678516
259	0.2255469712	0.2255469712	0.2345747995
260	0.2253618891	0.2253618891	0.2343571268
261	0.2250275849	0.2250275849	0.2340588872
262	0.2247141755	0.2247141755	0.2336905906
263	0.2243907209	0.2243907209	0.2333523854
264	0.2242205771	0.2242205771	0.2331732438
265	0.2239218522	0.2239218522	0.2328473125
266	0.2236904555	0.2236904555	0.2325874675
267	0.2235516336	0.2235516336	0.2324287505
268	0.2232069162	0.2232069162	0.2321206408
269	0.2228563543	0.2228563543	0.2317528911
270	0.2226199425	0.2226199425	0.2314976004
271	0.2223705184	0.2223705184	0.2313018298
272	0.2222482663	0.2222482663	0.2311891583
273	0.2218619881	0.2218619881	0.2306914005
274	0.2216697924	0.2216697924	0.2304833002
275	0.2212859476	0.2212859476	0.2300126872
276	0.2210498963	0.2210498963	0.229762049
277	0.2207199344	0.2207199344	0.2293674546
278	0.2202473485	0.2202473485	0.2290775504
279	0.2199754126	0.2199754126	0.2287778188
280	0.2196980981	0.2196980981	0.2285160217
281	0.2193683972	0.2193683972	0.22815901
282	0.2191538932	0.2191538932	0.2279463343
283	0.2188377028	0.2188377028	0.2276472575
284	0.2186432027	0.2186432027	0.2274236671
285	0.2184096412	0.2184096412	0.2271870154
286	0.2181263395	0.2181263395	0.2269485454
287	0.2177655182	0.2177655182	0.2264730701
288	0.2176029628	0.2176029628	0.2263427149
289	0.2173063421	0.2173063421	0.2260185437
290	0.2171541685	0.2171541685	0.2258821802
291	0.2169407839	0.2169407839	0.2256875982
292	0.2166680059	0.2166680059	0.2254286906
293	0.2164202921	0.2164202921	0.2251292573
294	0.2162288101	0.2162288101	0.2249436927
295	0.2160534711	0.2160534711	0.2247857177
296	0.2158155169	0.2158155169	0.2245243169
297	0.2154079132	0.2154079132	0.2241369684
298	0.2150677168	0.2150677168	0.2237087193
299	0.2149261915	0.2149261915	0.2235152064
300	0.2145105026	0.2145105026	0.2231707058
301	0.2142012063	0.2142012063	0.2228235882
302	0.2139112468	0.2139112468	0.2226190763
303	0.213594117	0.213594117	0.2223580485
304	0.2133952651	0.2133952651	0.2220963053
305	0.2130926692	0.2130926692	0.2218131236
306	0.212728841	0.212728841	0.2214590336
307	0.2126032121	0.2126032121	0.2213298556
308	0.2123836712	0.2123836712	0.2210939193
309	0.212102823	0.212102823	0.2208406565
310	0.2118450241	0.2118450241	0.2205141136
311	0.2115913465	0.2115913465	0.2202939327
312	0.2114323108	0.2114323108	0.2201009523
313	0.2111189242	0.2111189242	0.2197247381
314	0.2107584675	0.2107584675	0.2194802656
315	0.2104964887	0.2104964887	0.2192403391
316	0.2102053199	0.2102053199	0.2189682018
317	0.2098453216	0.2098453216	0.2184841482
318	0.2095919704	0.2095919704	0.2182361004
319	0.2093175673	0.2093175673	0.2179548215
320	0.209002865	0.209002865	0.2176299226
321	0.2086997283	0.2086997283	0.2172605016
322	0.2083810743	0.2083810743	0.2170147137
323	0.2080889272	0.2080889272	0.2166816422
324	0.2077304779	0.2077304779	0.2161564287
325	0.2073876874	0.2073876874	0.2157727763
326	0.2070748301	0.2070748301	0.2154137408
327	0.2069426102	0.2069426102	0.2152834787
328	0.2066366707	0.2066366707	0.2149980478
329	0.2062286062	0.2062286062	0.2145762013
330	0.2059125324	0.2059125324	0.2141894777
331	0.2055993714	0.2055993714	0.2138166201
332	0.2054559484	0.2054559484	0.2136487008
333	0.2052412494	0.2052412494	0.2133826949
334	0.2049524448	0.2049524448	0.2130841054
335	0.2047171984	0.2047171984	0.212896821
336	0.2045277783	0.2045277783	0.2126452722
337	0.2043444181	0.2043444181	0.2124561795
338	0.2040732493	0.2040732493	0.2122419647
339	0.2036973352	0.2036973352	0.2119628156
340	0.2033676245	0.2033676245	0.2115749598
341	0.2030214034	0.2030214034	0.2113020573
342	0.2027170925	0.2027170925	0.2110325152
343	0.2024771518	0.2024771518	0.2108337689
344	0.2021300089	0.2021300089	0.2106308776
345	0.2019006519	0.2019006519	0.2104656348
346	0.201588755	0.201588755	0.2101823192
347	0.2011793236	0.2011793236	0.2096742529
348	0.200873527	0.200873527	0.2093874723
349	0.2006053897	0.2006053897	0.2091210357
350	0.2004516131	0.2004516131	0.2089538403
351	0.2000676486	0.2000676486	0.2085723573
352	0.1997686902	0.1997686902	0.2082392729
353	0.1994431002	0.1994431002	0.2079175572
354	0.1991052336	0.1991052336	0.207537571
355	0.198861924	0.198861924	0.207233394
356	0.1986682937	0.1986682937	0.2070246961
357	0.1983053021	0.1983053021	0.2066865397
358	0.1980993968	0.1980993968	0.2065466601
359	0.1978409808	0.1978409808	0.2063653721
360	0.1976018004	0.1976018004	0.2060786421
361	0.1973510886	0.1973510886	0.205891443
362	0.1971601065	0.1971601065	0.2057447142
363	0.1968791731	0.1968791731	0.2053888612
364	0.19660814	0.19660814	0.2051512086
365	0.1963733926	0.1963733926	0.2049776605
366	0.196229687	0.196229687	0.2048762176
367	0.1960115785	0.1960115785	0.2046604886
368	0.1955650866	0.1955650866	0.2043326043
369	0.1950622334	0.1950622334	0.2038456431
370	0.1947559625	0.1947559625	0.2035225194
371	0.1944523989	0.1944523989	0.2032076431
372	0.1941815938	0.1941815938	0.2029452983
373	0.1939522836	0.1939522836	0.2027394176
374	0.1934855403	0.1934855403	0.2021224684
375	0.1932274615	0.1932274615	0.2018309929
376	0.1930402233	0.1930402233	0.2017335196
377	0.1926703468	0.1926703468	0.2015029732
378	0.1924541848	0.1924541848	0.2013504154
379	0.192051957	0.192051957	0.2010338974
380	0.1917036316	0.1917036316	0.200685242
381	0.1914415978	0.1914415978	0.2003963078
382	0.1910210207	0.1910210207	0.2000432749
383	0.1908194301	0.1908194301	0.1998374664
384	0.1905310223	0.1905310223	0.1995407602
385	0.1901483065	0.1901483065	0.1991736682
386	0.1898580799	0.1898580799	0.1988995346
387	0.1896579505	0.1896579505	0.1986779558
388	0.1894088197	0.1894088197	0.1984128712
389	0.1890345215	0.1890345215	0.1981349941
390	0.1888482652	0.1888482652	0.19800428
391	0.1886222527	0.1886222527	0.197767453
392	0.1883423863	0.1883423863	0.1975095172
393	0.1880901781	0.1880901781	0.1973297988
394	0.1879306563	0.1879306563	0.1971698834
395	0.1877139312	0.1877139312	0.1969663241
396	0.187388617	0.187388617	0.1967485457
397	0.1871444079	0.1871444079	0.1965138367
398	0.1867957465	0.1867957465	0.1961567595
399	0.1865387826	0.1865387826	0.1959188254
400	0.1863088215	0.1863088215	0.1957387417
401	0.1859454699	0.1859454699	0.1953915938
402	0.1858007002	0.1858007002	0.1952343588
403	0.1855614382	0.1855614382	0.1950948339
404	0.1853209884	0.1853209884	0.1948684278
405	0.1851622852	0.1851622852	0.1947033725
406	0.1848855496	0.1848855496	0.1944158551
407	0.1845974914	0.1845974914	0.194165959
408	0.1843979832	0.1843979832	0.1939516658
409	0.1841392752	0.1841392752	0.1937519986
410	0.1839007764	0.1839007764	0.1935040393
411	0.1835791238	0.1835791238	0.1931564518
412	0.1834212069	0.1834212069	0.1929932205
413	0.1832017005	0.1832017005	0.1928126426
414	0.1830114365	0.1830114365	0.1926731092
415	0.1827961429	0.1827961429	0.1924557018
416	0.1824541658	0.1824541658	0.1921441818
417	0.1822379464	0.1822379464	0.1919605891
418	0.1820324307	0.1820324307	0.1917969279
419	0.1818439235	0.1818439235	0.1916925851
420	0.1816384494	0.1816384494	0.1915357977
421	0.1814585858	0.1814585858	0.1914046852
422	0.1812627485	0.1812627485	0.1912104357
423	0.1811148546	0.1811148546	0.191102279
424	0.1808992125	0.1808992125	0.1908979334
425	0.1806487828	0.1806487828	0.1907064271
426	0.1804533466	0.1804533466	0.1905565211
427	0.1802690804	0.1802690804	0.1904082157
428	0.1800038256	0.1800038256	0.1902235191
429	0.1797735598	0.1797735598	0.1900436583
430	0.1795639229	0.1795639229	0.1898527062
431	0.1793846781	0.1793846781	0.1897033704
432	0.1792028797	0.1792028797	0.1895476537
433	0.1789881076	0.1789881076	0.1893307343
434	0.1788338982	0.1788338982	0.1891959201
435	0.1787729738	0.1787729738	0.1891421499
436	0.1784567217	0.1784567217	0.1887451182
437	0.178153304	0.178153304	0.1883431416
438	0.1780730586	0.1780730586	0.1882669248
439	0.1778640095	0.1778640095	0.1880354572
440	0.1776333058	0.1776333058	0.1878365887
441	0.1774164244	0.1774164244	0.1876824169
442	0.1770518261	0.1770518261	0.1873836464
443	0.1768140488	0.1768140488	0.1871447092
444	0.1765335555	0.1765335555	0.1868823723
445	0.1763159398	0.1763159398	0.1867373074
446	0.1760636478	0.1760636478	0.186447659
447	0.1759175406	0.1759175406	0.1863272439
448	0.1757479304	0.1757479304	0.1861966481
449	0.1757113012	0.1757113012	0.1861766278
450	0.1755397699	0.1755397699	0.1860525576
451	0.1753622149	0.1753622149	0.1858925887
452	0.1751520117	0.1751520117	0.1856737154
453	0.1750362049	0.1750362049	0.185562278
454	0.1748413649	0.1748413649	0.1853700334
455	0.1744827496	0.1744827496	0.1850620817
456	0.1743192255	0.1743192255	0.1848733852
457	0.174113473	0.174113473	0.1846886166
458	0.1738843654	0.1738843654	0.184478381
459	0.1736902897	0.1736902897	0.1843193897
460	0.1733914881	0.1733914881	0.1839473868
461	0.1731384071	0.1731384071	0.1837497817
462	0.1728926915	0.1728926915	0.1834725484
463	0.1726914489	0.1726914489	0.183288047
464	0.1724705294	0.1724705294	0.1831110546
465	0.1722016138	0.1722016138	0.1828953983
466	0.1720071112	0.1720071112	0.1827488672
467	0.1718502228	0.1718502228	0.182578362
468	0.171605423	0.171605423	0.1823354328
469	0.1714218896	0.1714218896	0.1821676593
470	0.1711724824	0.1711724824	0.1819371137
471	0.1710769952	0.1710769952	0.1818541734
472	0.1709138216	0.1709138216	0.1817240046
473	0.1707592118	0.1707592118	0.1816114024
474	0.1704723845	0.1704723845	0.1812769818
475	0.1701150665	0.1701150665	0.1807644328
476	0.1699302997	0.1699302997	0.1806324732
477	0.1697305447	0.1697305447	0.1804441111
478	0.1694114315	0.1694114315	0.180186995
479	0.1692777404	0.1692777404	0.1801160461
480	0.1692040852	0.1692040852	0.1800514806
481	0.169059825	0.169059825	0.1799426882
482	0.1687430522	0.1687430522	0.1796869435
483	0.1685496644	0.1685496644	0.1795510889
484	0.1682394226	0.1682394226	0.1793385316
485	0.1681573108	0.1681573108	0.1792634081
486	0.1679188773	0.1679188773	0.1790420681
487	0.1677729479	0.1677729479	0.1789362985
488	0.1676279794	0.1676279794	0.1788583452
489	0.1673901462	0.1673901462	0.1786772161
490	0.1670753559	0.1670753559	0.178371735
491	0.1668087962	0.1668087962	0.1781371037
492	0.1666150486	0.1666150486	0.1779579195
493	0.1663697012	0.1663697012	0.1777796759
494	0.1661771651	0.1661771651	0.1775839496
495	0.165974235	0.165974235	0.177345538
496	0.1658323507	0.1658323507	0.1772064353
497	0.1656703598	0.1656703598	0.1770533879
498	0.165423397	0.165423397	0.1767991042
499	0.1653049393	0.1653049393	0.1767266272
500	0.1652331905	0.1652331905	0.176649444
501	0.1651163913	0.1651163913	0.1765507776
502	0.1648631535	0.1648631535	0.1762334358
503	0.1647126175	0.1647126175	0.1761238277
504	0.1644715476	0.1644715476	0.1758687419
505	0.1643503138	0.1643503138	0.1757728496
506	0.1642164387	0.1642164387	0.1756609563
507	0.1640245612	0.1640245612	0.1754789975
508	0.1638037252	0.1638037252	0.1752615963
509	0.1635619626	0.1635619626	0.1750582556
510	0.1635054721	0.1635054721	0.1749939681
511	0.1632486588	0.1632486588	0.1746969278
512	0.1629956151	0.1629956151	0.174502458
513	0.1628438581	0.1628438581	0.1743243885
514	0.1627771062	0.1627771062	0.1742458394
515	0.1626122648	0.1626122648	0.1741062907
516	0.1625295649	0.1625295649	0.1740096313
517	0.1623863336	0.1623863336	0.1738968047
518	0.1622463501	0.1622463501	0.1737295532
519	0.1621026843	0.1621026843	0.1735947599
520	0.1619251286	0.1619251286	0.1733544191
521	0.1617934337	0.1617934337	0.1731834874
522	0.1614933062	0.1614933062	0.1728033928
523	0.1613098919	0.1613098919	0.172605266
524	0.1611642223	0.1611642223	0.1724251594
525	0.1610379463	0.1610379463	0.172282196
526	0.1609083458	0.1609083458	0.1721139437
527	0.1606412294	0.1606412294	0.1718446336
528	0.1604662066	0.1604662066	0.1716992405
529	0.1601911554	0.1601911554	0.1714010854
530	0.1600752036	0.1600752036	0.1713166296
531	0.1598566748	0.1598566748	0.1710640237
532	0.159734456	0.159734456	0.170970504
533	0.1595017962	0.1595017962	0.1707154518
534	0.1592292582	0.1592292582	0.1704193948
535	0.1590376829	0.1590376829	0.1701668388
536	0.1588162421	0.1588162421	0.1699665371
537	0.1586646642	0.1586646642	0.1698182183
538	0.1585136802	0.1585136802	0.1696979901
539	0.1583393476	0.1583393476	0.169564239
540	0.1581545887	0.1581545887	0.1693437365
541	0.1579661738	0.1579661738	0.1691314941
542	0.1578023161	0.1578023161	0.1689546415
543	0.1576667079	0.1576667079	0.1687976231
544	0.1575958012	0.1575958012	0.1687044004
545	0.1574419183	0.1574419183	0.1685356303
546	0.1573076051	0.1573076051	0.1684068105
547	0.15714632	0.15714632	0.1682688213
548	0.1570867421	0.1570867421	0.1681950178
549	0.1569633453	0.1569633453	0.168035462
550	0.1568273035	0.1568273035	0.1678840455
551	0.1566814829	0.1566814829	0.1677370978
552	0.1565527936	0.1565527936	0.1676102357
553	0.1564650891	0.1564650891	0.1675113283
554	0.15636043	0.15636043	0.1674102972
555	0.1562437374	0.1562437374	0.1672598383
556	0.1560815366	0.1560815366	0.1670333143
557	0.1560165886	0.1560165886	0.1669453345
558	0.1558903961	0.1558903961	0.1667740251
559	0.15569359	0.15569359	0.1665237791
560	0.1554956256	0.1554956256	0.1662735838
561	0.1552800667	0.1552800667	0.1660425002
562	0.1552203306	0.1552203306	0.1659663794
563	0.1551742698	0.1551742698	0.1659122483
564	0.1549935384	0.1549935384	0.1657099072
565	0.1549412907	0.1549412907	0.1656360498
566	0.1547262847	0.1547262847	0.1653562345
567	0.1546426235	0.1546426235	0.1652517564
568	0.1544488987	0.1544488987	0.1650081821
569	0.1543351532	0.1543351532	0.1648965632
570	0.1542910736	0.1542910736	0.1648471113
571	0.1540815871	0.1540815871	0.1646760077
572	0.1538701527	0.1538701527	0.1644878185
573	0.1538153938	0.1538153938	0.1644187832
574	0.1536488464	0.1536488464	0.1642866705
575	0.1535197005	0.1535197005	0.1641649463
576	0.153207488	0.153207488	0.1637617008
577	0.1529845859	0.1529845859	0.1635207725
578	0.1527592252	0.1527592252	0.1632524861
579	0.1525395877	0.1525395877	0.1630116006
580	0.1523617062	0.1523617062	0.1628377649
581	0.152118358	0.152118358	0.1625055839
582	0.1518987654	0.1518987654	0.1623221593
583	0.1517998868	0.1517998868	0.1622192751
584	0.1516579711	0.1516579711	0.162086897
585	0.1515081688	0.1515081688	0.1619888
586	0.1513159328	0.1513159328	0.1617440143
587	0.1511498476	0.1511498476	0.1615581161
588	0.1509306367	0.1509306367	0.161390078
589	0.1507028228	0.1507028228	0.1611496801
590	0.1506608482	0.1506608482	0.1611079988
591	0.150542172	0.150542172	0.161012733
592	0.1503829116	0.1503829116	0.1608599341
593	0.1503022856	0.1503022856	0.160766912
594	0.1501792372	0.1501792372	0.1606855988
595	0.1499597607	0.1499597607	0.1604437028
596	0.1498253991	0.1498253991	0.1603314601
597	0.1496941077	0.1496941077	0.1601956732
598	0.1495863929	0.1495863929	0.1600933132
599	0.1493294463	0.1493294463	0.1598815171
600	0.1491688558	0.1491688558	0.1597427449
601	0.1490031674	0.1490031674	0.1595317165
602	0.1489033733	0.1489033733	0.1594287808
603	0.148625216	0.148625216	0.1591274337
604	0.1484972887	0.1484972887	0.1589709089
605	0.1483344244	0.1483344244	0.1587688589
606	0.1483021616	0.1483021616	0.1587375422
607	0.1481911611	0.1481911611	0.1586261066
608	0.1480424186	0.1480424186	0.1584659453
609	0.1479009278	0.1479009278	0.1583677863
610	0.1477631879	0.1477631879	0.1582530716
611	0.1476039586	0.1476039586	0.1580880078
612	0.1474865663	0.1474865663	0.1579793335
613	0.1472995495	0.1472995495	0.1577647956
614	0.1472352575	0.1472352575	0.1577091748
615	0.1470535904	0.1470535904	0.1575313718
616	0.1468572518	0.1468572518	0.1573627171
617	0.1467384613	0.1467384613	0.1571992796
618	0.1466033808	0.1466033808	0.1570916144
619	0.1465469365	0.1465469365	0.1570321823
620	0.1463732006	0.1463732006	0.1568575773
621	0.1461316922	0.1461316922	0.1565595592
622	0.1460285292	0.1460285292	0.1564437953
623	0.1458524186	0.1458524186	0.1563328387
624	0.1457326173	0.1457326173	0.1561808888
625	0.145645166	0.145645166	0.1561195865
626	0.1455073979	0.1455073979	0.1559686591
627	0.1454352355	0.1454352355	0.1558926754
628	0.1453250352	0.1453250352	0.1557567626
629	0.1451146225	0.1451146225	0.1554866328
630	0.1449706784	0.1449706784	0.1553547
631	0.1447972589	0.1447972589	0.1551537871
632	0.1447346604	0.1447346604	0.1550638353
633	0.1445608953	0.1445608953	0.1549184796
634	0.1444244974	0.1444244974	0.1547789599
635	0.1442255362	0.1442255362	0.1545219461
636	0.1439491209	0.1439491209	0.154152491
637	0.1438672985	0.1438672985	0.1540475754
638	0.1437673271	0.1437673271	0.1539378818
639	0.1436093421	0.1436093421	0.1538182022
640	0.1435362743	0.1435362743	0.1537266556
641	0.1433302312	0.1433302312	0.1535009231
642	0.1432140343	0.1432140343	0.1533706463
643	0.1430984745	0.1430984745	0.1532769795
644	0.1429112436	0.1429112436	0.153092519
645	0.1428323557	0.1428323557	0.1530196037
646	0.1426465053	0.1426465053	0.1528552363
647	0.1425360264	0.1425360264	0.1527323356
648	0.1424665131	0.1424665131	0.1526512503
649	0.1423908151	0.1423908151	0.1525919313
650	0.1421871603	0.1421871603	0.1523889518
651	0.1420250674	0.1420250674	0.152258396
652	0.1419391937	0.1419391937	0.1521813706
653	0.1418091814	0.1418091814	0.1520779959
654	0.1416711624	0.1416711624	0.1519410345
655	0.1415599044	0.1415599044	0.1518470661
656	0.1414521618	0.1414521618	0.1517675306
657	0.1412918937	0.1412918937	0.1516449064
658	0.1411599084	0.1411599084	0.1515492441
659	0.1410091508	0.1410091508	0.1513983543
660	0.1408774377	0.1408774377	0.151301166
661	0.1406840838	0.1406840838	0.1511350738
662	0.1405251813	0.1405251813	0.1509715987
663	0.1404077065	0.1404077065	0.1508390413
664	0.1402604132	0.1402604132	0.1506790912
665	0.1401578011	0.1401578011	0.1505410798
666	0.1400545028	0.1400545028	0.1504458447
667	0.1398125786	0.1398125786	0.1501474729
668	0.1396371462	0.1396371462	0.149950896
669	0.1394891772	0.1394891772	0.1498391829
670	0.1393872692	0.1393872692	0.1497470872
671	0.1392652106	0.1392652106	0.1495818792
672	0.1391361225	0.1391361225	0.1494252204
673	0.1389939787	0.1389939787	0.1492636594
674	0.1387956148	0.1387956148	0.1490275872
675	0.1386726447	0.1386726447	0.1489198055
676	0.1385191341	0.1385191341	0.1487783931
677	0.1383348172	0.1383348172	0.1485389662
678	0.1382622063	0.1382622063	0.1484587145
679	0.1381266824	0.1381266824	0.1483350851
680	0.1379864484	0.1379864484	0.1481429151
681	0.1377782241	0.1377782241	0.1478656119
682	0.1377160641	0.1377160641	0.147789179
683	0.1376629581	0.1376629581	0.1477189339
684	0.1374790534	0.1374790534	0.1475111535
685	0.1374334729	0.1374334729	0.1474606613
686	0.1373942227	0.1373942227	0.1474109813
687	0.1372316277	0.1372316277	0.1471973885
688	0.1371737973	0.1371737973	0.1471279684
689	0.1370188844	0.1370188844	0.1469253105
690	0.1368082732	0.1368082732	0.1467261261
691	0.1366518251	0.1366518251	0.1465806671
692	0.1364657055	0.1364657055	0.1463752572
693	0.136346677	0.136346677	0.1462504886
694	0.1362009568	0.1362009568	0.1460648889
695	0.1361381883	0.1361381883	0.1459838844
696	0.1360567003	0.1360567003	0.1459028529
697	0.1359185997	0.1359185997	0.1457927219
698	0.1358882443	0.1358882443	0.145755086
699	0.1357880434	0.1357880434	0.1456717975
700	0.1355427408	0.1355427408	0.1454429531
701	0.1353849771	0.1353849771	0.1453152771
702	0.1352572983	0.1352572983	0.1451664254
703	0.1350059696	0.1350059696	0.1448945324
704	0.1348882556	0.1348882556	0.1447698414
705	0.1347602904	0.1347602904	0.1446764113
706	0.1345970989	0.1345970989	0.1444847708
707	0.1344450344	0.1344450344	0.1442880363
708	0.1343913663	0.1343913663	0.1442232003
709	0.1343153406	0.1343153406	0.1441331245
710	0.1341628992	0.1341628992	0.1440187897
711	0.1341349794	0.1341349794	0.1439856819
712	0.1340769952	0.1340769952	0.1439233196
713	0.1339300877	0.1339300877	0.1437337972
714	0.1337656262	0.1337656262	0.1435277401
715	0.1336357333	0.1336357333	0.1434016691
716	0.1335450882	0.1335450882	0.1432940849
717	0.1334463523	0.1334463523	0.1432107344
718	0.1333498754	0.1333498754	0.1430884098
719	0.13318151	0.13318151	0.1429672883
720	0.1330703123	0.1330703123	0.1428479769
721	0.1330386834	0.1330386834	0.1428097377
722	0.1329167742	0.1329167742	0.1427147991
723	0.1327483904	0.1327483904	0.142550556
724	0.1326909436	0.1326909436	0.1424830894
725	0.1324988579	0.1324988579	0.1423375325
726	0.1323856574	0.1323856574	0.1422303619
727	0.132262882	0.132262882	0.1420622565
728	0.1321269896	0.1321269896	0.141875488
729	0.1320519662	0.1320519662	0.141795615
730	0.1319195874	0.1319195874	0.1416693158
731	0.1318825526	0.1318825526	0.1416272642
732	0.1317437407	0.1317437407	0.1414553758
733	0.131635479	0.131635479	0.1413054245
734	0.1316023576	0.1316023576	0.141264872
735	0.1314195774	0.1314195774	0.1410839061
736	0.1313442353	0.1313442353	0.1409917979
737	0.1312153963	0.1312153963	0.1408812606
738	0.131039232	0.131039232	0.1406943003
739	0.1308982974	0.1308982974	0.1405696972
740	0.1307622914	0.1307622914	0.1404667531
741	0.1306840391	0.1306840391	0.1403664675
742	0.1305671075	0.1305671075	0.1402400184
743	0.130397897	0.130397897	0.1400904236
744	0.1301785665	0.1301785665	0.1397691021
745	0.1301532857	0.1301532857	0.1397386154
746	0.1300905009	0.1300905009	0.1396627108
747	0.1299074244	0.1299074244	0.1394700438
748	0.1297477628	0.1297477628	0.1392631051
749	0.1295965516	0.1295965516	0.1390643725
750	0.1295384051	0.1295384051	0.1389977849
751	0.1293556279	0.1293556279	0.138849879
752	0.1292331186	0.1292331186	0.1387242351
753	0.129086929	0.129086929	0.1386209032
754	0.1289770019	0.1289770019	0.1385097413
755	0.1287973524	0.1287973524	0.13829625
756	0.1286980351	0.1286980351	0.1382102682
757	0.1285273238	0.1285273238	0.1380642533
758	0.1284049348	0.1284049348	0.1379510306
759	0.1283671386	0.1283671386	0.1379116799
760	0.1282358481	0.1282358481	0.1378188852
761	0.1280176068	0.1280176068	0.1375072531
762	0.1278361091	0.1278361091	0.1373929081
763	0.1277250573	0.1277250573	0.1373133881
764	0.1275611195	0.1275611195	0.137218614
765	0.1274076111	0.1274076111	0.137078037
766	0.1272979414	0.1272979414	0.1369767188
767	0.1271522845	0.1271522845	0.1368883961
768	0.126987419	0.126987419	0.1367300841
769	0.1268197126	0.1268197126	0.1365560428
770	0.1267375602	0.1267375602	0.1364665523
771	0.1266422133	0.1266422133	0.1363659403
772	0.1265441178	0.1265441178	0.1363007893
773	0.1264015594	0.1264015594	0.1361663417
774	0.1261783038	0.1261783038	0.13599051
775	0.1260842717	0.1260842717	0.1359050482
776	0.1259822181	0.1259822181	0.1358237361
777	0.1258762759	0.1258762759	0.1356832492
778	0.1257497672	0.1257497672	0.1355638492
779	0.125677069	0.125677069	0.135480708
780	0.1255758116	0.1255758116	0.1353619359
781	0.1254311532	0.1254311532	0.1351607635
782	0.1253352518	0.1253352518	0.1350675346
783	0.1252266618	0.1252266618	0.134944913
784	0.1251060284	0.1251060284	0.1348245696
785	0.1250164323	0.1250164323	0.13470536
786	0.1249604399	0.1249604399	0.1346338463
787	0.1249007356	0.1249007356	0.1345546553
788	0.1247874411	0.1247874411	0.1344542729
789	0.1247143883	0.1247143883	0.1343787039
790	0.1246773805	0.1246773805	0.13433704
791	0.1245877792	0.1245877792	0.1342695152
792	0.1244204623	0.1244204623	0.1341360542
793	0.1242815891	0.1242815891	0.1339721783
794	0.124170659	0.124170659	0.1338617282
795	0.1239810984	0.1239810984	0.1337174034
796	0.1238236914	0.1238236914	0.1334964156
797	0.1236968799	0.1236968799	0.1333898465
798	0.1235656099	0.1235656099	0.1332843651
799	0.1233667231	0.1233667231	0.1330985411
800	0.1232255132	0.1232255132	0.1329469822
801	0.1230973785	0.1230973785	0.1328664664
802	0.1229860873	0.1229860873	0.1327140696
803	0.1228631742	0.1228631742	0.1325726287
804	0.122700482	0.122700482	0.1324437333
805	0.1225877171	0.1225877171	0.1323339328
806	0.1224684285	0.1224684285	0.1322183927
807	0.1224374651	0.1224374651	0.1321830982
808	0.1223413329	0.1223413329	0.1321009561
809	0.122218814	0.122218814	0.1320154166
810	0.1220583948	0.1220583948	0.1318555979
811	0.1219302705	0.1219302705	0.1317178317
812	0.1218527329	0.1218527329	0.1316143382
813	0.121728947	0.121728947	0.1314980764
814	0.1215845125	0.1215845125	0.1313570167
815	0.121543951	0.121543951	0.1313120939
816	0.1214335048	0.1214335048	0.1311700617
817	0.1213327924	0.1213327924	0.131032191
818	0.1211892941	0.1211892941	0.1308518675
819	0.1209973489	0.1209973489	0.1306524924
820	0.1208758499	0.1208758499	0.1305122562
821	0.1208131232	0.1208131232	0.130439915
822	0.1206469377	0.1206469377	0.1302459463
823	0.1204955	0.1204955	0.1301271595
824	0.120378858	0.120378858	0.1300432022
825	0.1202110673	0.1202110673	0.1298311314
826	0.1201829751	0.1201829751	0.1297992988
827	0.1200948769	0.1200948769	0.129692436
828	0.119967933	0.119967933	0.1295962329
829	0.1198683313	0.1198683313	0.1294840141
830	0.119679251	0.119679251	0.1292969075
831	0.1195728297	0.1195728297	0.1291661709
832	0.1194075678	0.1194075678	0.1290011949
833	0.1192948845	0.1192948845	0.1289044738
834	0.1192216454	0.1192216454	0.1288273438
835	0.119142555	0.119142555	0.128774483
836	0.1190635732	0.1190635732	0.1286783859
837	0.118950698	0.118950698	0.1285346583
838	0.1188606813	0.1188606813	0.1284285945
839	0.1187433526	0.1187433526	0.1282655654
840	0.1186369207	0.1186369207	0.128141884
841	0.1184853729	0.1184853729	0.1280268366
842	0.1184007991	0.1184007991	0.1279632694
843	0.1183690071	0.1183690071	0.1279297828
844	0.1182688197	0.1182688197	0.1278265904
845	0.1180940348	0.1180940348	0.1275781506
846	0.1179438	0.1179438	0.1274347168
847	0.1178780525	0.1178780525	0.1273649982
848	0.1177512297	0.1177512297	0.1272536197
849	0.1176852494	0.1176852494	0.1272127286
850	0.1175415592	0.1175415592	0.1270901113
851	0.117451376	0.117451376	0.127010334
852	0.1173754601	0.1173754601	0.1269215317
853	0.1172860306	0.1172860306	0.1268166289
854	0.1171981449	0.1171981449	0.1267346143
855	0.1171220851	0.1171220851	0.1266511741
856	0.1169755989	0.1169755989	0.1265011174
857	0.1168720698	0.1168720698	0.1264145768
858	0.1168305926	0.1168305926	0.1263719475
859	0.1167643931	0.1167643931	0.1263033349
860	0.1166682208	0.1166682208	0.126174253
861	0.1165616051	0.1165616051	0.12607363
862	0.116478934	0.116478934	0.1260021319
863	0.1163537892	0.1163537892	0.1258442109
864	0.1162287258	0.1162287258	0.1256646937
865	0.1161111888	0.1161111888	0.1255303862
866	0.1160111279	0.1160111279	0.1254289467
867	0.1159222901	0.1159222901	0.1253624336
868	0.1157951873	0.1157951873	0.1252439616
869	0.1157100146	0.1157100146	0.1251939284
870	0.1156430778	0.1156430778	0.1250993189
871	0.1155476699	0.1155476699	0.1250211234
872	0.1155216749	0.1155216749	0.1249948871
873	0.1154017523	0.1154017523	0.1249035629
874	0.1152839249	0.1152839249	0.1248238563
875	0.1152479349	0.1152479349	0.1247727971
876	0.1151541273	0.1151541273	0.1246859526
877	0.1150996597	0.1150996597	0.1246239692
878	0.1149998871	0.1149998871	0.1245542434
879	0.1149712667	0.1149712667	0.1245232821
880	0.1149080467	0.1149080467	0.1244311513
881	0.1148300973	0.1148300973	0.1243520908
882	0.1147264661	0.1147264661	0.1242113694
883	0.1146500696	0.1146500696	0.1241291279
884	0.1145213318	0.1145213318	0.1239872859
885	0.1144164988	0.1144164988	0.1238761599
886	0.1143548531	0.1143548531	0.1238239679
887	0.1141952891	0.1141952891	0.1236117783
888	0.1140529645	0.1140529645	0.1234886133
889	0.1139777502	0.1139777502	0.123415111
890	0.1138921194	0.1138921194	0.1233376172
891	0.1137353239	0.1137353239	0.1231711483
892	0.1136410561	0.1136410561	0.1230715565
893	0.1135473047	0.1135473047	0.1229663893
894	0.1134369317	0.1134369317	0.1228409887
895	0.1133866756	0.1133866756	0.1227967478
896	0.1133004835	0.1133004835	0.122728612
897	0.1131653186	0.1131653186	0.1225621164
898	0.1130834922	0.1130834922	0.1224983465
899	0.1129695239	0.1129695239	0.122374
900	0.112932798	0.112932798	0.1223304236
901	0.1127870995	0.1127870995	0.1221810358
902	0.1127142206	0.1127142206	0.122131946
903	0.1125979383	0.1125979383	0.1220164335
904	0.1124829487	0.1124829487	0.1219279624
905	0.112399954	0.112399954	0.1218607951
906	0.112264523	0.112264523	0.1216862437
907	0.1121762302	0.1121762302	0.1215939617
908	0.1121405233	0.1121405233	0.1215585859
909	0.112085938	0.112085938	0.121507068
910	0.112059318	0.112059318	0.1214816995
911	0.1120122092	0.1120122092	0.1214305804
912	0.1119017106	0.1119017106	0.1212980327
913	0.1118171738	0.1118171738	0.1212179176
914	0.1117441803	0.1117441803	0.121129619
915	0.1117252326	0.1117252326	0.121109874
916	0.1116455952	0.1116455952	0.1210368693
917	0.1116049352	0.1116049352	0.120980896
918	0.1115832089	0.1115832089	0.1209592047
919	0.1114956775	0.1114956775	0.1208487751
920	0.1113923698	0.1113923698	0.1207180256
921	0.1113290868	0.1113290868	0.120677914
922	0.1112855301	0.1112855301	0.1206283301
923	0.1111825138	0.1111825138	0.1205455239
924	0.1111158863	0.1111158863	0.120461297
925	0.1110622549	0.1110622549	0.1203949694
926	0.1109527133	0.1109527133	0.1203010149
927	0.1108417002	0.1108417002	0.1202175063
928	0.1107970354	0.1107970354	0.120163442
929	0.1106523346	0.1106523346	0.1199899014
930	0.1105817513	0.1105817513	0.1199283342
931	0.1105335067	0.1105335067	0.1198671357
932	0.1103430569	0.1103430569	0.1196744101
933	0.1102016996	0.1102016996	0.119530452
934	0.1100910955	0.1100910955	0.1193910112
935	0.1099518749	0.1099518749	0.1192796612
936	0.1098410518	0.1098410518	0.1191413981
937	0.1097500059	0.1097500059	0.1190616114
938	0.1096728467	0.1096728467	0.1189975055
939	0.1095668032	0.1095668032	0.1188607503
940	0.1095441911	0.1095441911	0.1188327695
941	0.1094154379	0.1094154379	0.1187298433
942	0.1092934996	0.1092934996	0.1185911946
943	0.1092150619	0.1092150619	0.1185087753
944	0.1091366495	0.1091366495	0.1184152798
945	0.1090926101	0.1090926101	0.1183522392
946	0.1089485382	0.1089485382	0.1182279136
947	0.1088418305	0.1088418305	0.1181322012
948	0.108810655	0.108810655	0.11809006
949	0.108679248	0.108679248	0.1179483863
950	0.1085598626	0.1085598626	0.1178547474
951	0.1084944284	0.1084944284	0.1177731158
952	0.1083854065	0.1083854065	0.117680545
953	0.1083310998	0.1083310998	0.1176232353
954	0.1082015231	0.1082015231	0.1174600085
955	0.1081287279	0.1081287279	0.1173910809
956	0.1080228894	0.1080228894	0.1172856361
957	0.1079621788	0.1079621788	0.1172232918
958	0.1078689903	0.1078689903	0.1171293088
959	0.1077657514	0.1077657514	0.1170134227
960	0.1076224573	0.1076224573	0.1168754722
961	0.1074729465	0.1074729465	0.1166639162
962	0.107364674	0.107364674	0.116508046
963	0.1072345965	0.1072345965	0.1163854666
964	0.1071336581	0.1071336581	0.1162565488
965	0.1070530997	0.1070530997	0.1161693572
966	0.1069579449	0.1069579449	0.1160811203
967	0.1068211294	0.1068211294	0.1159131972
968	0.106773951	0.106773951	0.1158530335
969	0.1066851854	0.1066851854	0.1157404707
970	0.1065769223	0.1065769223	0.1156206554
971	0.1064939929	0.1064939929	0.1155551253
972	0.1063662891	0.1063662891	0.1154486787
973	0.1062604826	0.1062604826	0.1153678888
974	0.1062190963	0.1062190963	0.1153118949
975	0.1061559508	0.1061559508	0.1152528516
976	0.1060323334	0.1060323334	0.1151015483
977	0.1059133146	0.1059133146	0.1149814632
978	0.1058072236	0.1058072236	0.1148895551
979	0.1056115778	0.1056115778	0.114736579
980	0.105475531	0.105475531	0.1146514847
981	0.1052919971	0.1052919971	0.114433661
982	0.1051550067	0.1051550067	0.1142360741
983	0.1050888711	0.1050888711	0.114186284
984	0.104953356	0.104953356	0.1140594403
985	0.1048565529	0.1048565529	0.1139841151
986	0.1047048546	0.1047048546	0.1138352801
987	0.1046457495	0.1046457495	0.113791739
988	0.1045855584	0.1045855584	0.1137188638
989	0.1044961321	0.1044961321	0.1136086334
990	0.1043530909	0.1043530909	0.1134638095
991	0.1041941984	0.1041941984	0.1132856244
992	0.1040210304	0.1040210304	0.1130498969
993	0.1039072782	0.1039072782	0.1129590669
994	0.1037726859	0.1037726859	0.112841768
995	0.1036960738	0.1036960738	0.1127646333
996	0.103636166	0.103636166	0.1127231027
997	0.1035547859	0.1035547859	0.1126565858
998	0.1034586778	0.1034586778	0.1125774496
999	0.1033281287	0.1033281287	0.1124189445
