ensembl_gene_id,chromosome_name,start_position,end_position,strand,external_gene_name
ENSG00000001084,6,53497341,53616970,-1,GCLC
ENSG00000001167,6,41072974,41102403,1,NFYA
ENSG00000004399,3,129555214,129606676,-1,PLXND1
ENSG00000004848,X,25003694,25016420,-1,ARX
ENSG00000004939,17,44248390,44268141,-1,SLC4A1
ENSG00000004975,17,7225342,7234517,-1,DVL2
ENSG00000005022,X,119468422,119471396,1,SLC25A5
ENSG00000005339,16,3725054,3880713,-1,CREBBP
ENSG00000005381,17,58269855,58280935,-1,MPO
ENSG00000005513,16,981444,986979,1,SOX8
ENSG00000007171,17,27756766,27800529,-1,NOS2
ENSG00000007372,11,31784779,31817961,-1,PAX6
ENSG00000007908,1,169722640,169764705,-1,SELE
ENSG00000008083,6,15246069,15522042,1,JARID2
ENSG00000008196,6,50818723,50847619,1,TFAP2B
ENSG00000008300,3,48636463,48662886,-1,CELSR3
ENSG00000008394,12,16347142,16609259,1,MGST1
ENSG00000008710,16,2088708,2135898,-1,PKD1
ENSG00000011007,1,23743448,23762059,1,ELOA
ENSG00000011143,17,58205441,58219605,-1,MKS1
ENSG00000011454,9,122940833,123104866,1,RABGAP1
ENSG00000012048,17,43044295,43170245,-1,BRCA1
ENSG00000015479,5,139293674,139331677,1,MATR3
ENSG00000016082,5,51383448,51394730,1,ISL1
ENSG00000018625,1,160115759,160143591,1,ATP1A2
ENSG00000023318,9,99979185,100099052,-1,ERP44
ENSG00000025708,22,50525752,50530032,-1,TYMP
ENSG00000026508,11,35138882,35232402,1,CD44
ENSG00000029639,6,155256134,155314493,-1,TFB1M
ENSG00000035720,4,67558727,67607337,1,STAP1
ENSG00000035928,4,39287456,39366375,-1,RFC1
ENSG00000036448,8,2045046,2165552,1,MYOM2
ENSG00000037280,5,180601506,180649624,-1,FLT4
ENSG00000038295,4,165873237,166104457,1,TLL1
ENSG00000038427,5,83471618,83582303,1,VCAN
ENSG00000039068,16,68737292,68835537,1,CDH1
ENSG00000039139,5,13690328,14011818,-1,DNAH5
ENSG00000040531,17,3636459,3663103,1,CTNS
ENSG00000042781,1,215622891,216423448,-1,USH2A
ENSG00000044459,9,17134982,17503923,1,CNTLN
ENSG00000046651,X,13734743,13777955,1,OFD1
ENSG00000047597,X,37685791,37732130,1,XK
ENSG00000047617,12,5531869,5946232,-1,ANO2
ENSG00000049323,2,32946953,33399509,1,LTBP1
ENSG00000049540,7,74027789,74069907,1,ELN
ENSG00000049618,6,156776020,157210779,1,ARID1B
ENSG00000054598,6,1609915,1613897,1,FOXC1
ENSG00000054654,14,63761899,64226433,1,SYNE2
ENSG00000055118,7,150944961,150978321,-1,KCNH2
ENSG00000055208,6,149218641,149411613,1,TAB2
ENSG00000055609,7,152134922,152436644,-1,KMT2C
ENSG00000057657,6,105993463,106109939,1,PRDM1
ENSG00000058453,1,16740273,16972964,1,CROCC
ENSG00000058668,1,203626832,203744081,1,ATP2B4
ENSG00000060718,1,102876467,103108872,-1,COL11A1
ENSG00000062038,16,68636189,68727468,1,CDH3
ENSG00000064666,19,1026586,1039068,1,CNN2
ENSG00000064989,2,187341964,187448460,-1,CALCRL
ENSG00000065361,12,56076799,56103505,1,ERBB3
ENSG00000065427,16,75627474,75648643,-1,KARS1
ENSG00000065609,6,83552880,83709691,-1,SNAP91
ENSG00000065883,7,39950121,40099580,1,CDK13
ENSG00000066027,1,212285410,212361853,1,PPP2R5A
ENSG00000066056,1,43300982,43323108,1,TIE1
ENSG00000066136,1,40691648,40771603,1,NFYC
ENSG00000066468,10,121478332,121598458,-1,FGFR2
ENSG00000066926,18,57544377,57586732,-1,FECH
ENSG00000067560,3,49359139,49412998,-1,RHOA
ENSG00000067900,18,20944612,21111813,-1,ROCK1
ENSG00000068305,15,99565417,99716488,1,MEF2A
ENSG00000069329,16,46656132,46689518,-1,VPS35
ENSG00000069702,1,91680343,91906335,-1,TGFBR3
ENSG00000070018,12,12116025,12267044,-1,LRP6
ENSG00000070193,5,44300247,44389706,-1,FGF10
ENSG00000070371,22,19179473,19291719,-1,CLTCL1
ENSG00000070413,22,19036282,19122454,-1,DGCR2
ENSG00000070495,17,76712832,76726799,-1,JMJD6
ENSG00000070770,16,58157907,58198106,-1,CSNK2A2
ENSG00000070831,1,22052627,22101360,1,CDC42
ENSG00000071564,19,1609291,1652615,-1,TCF3
ENSG00000071909,2,170178145,170655171,1,MYO3B
ENSG00000072364,5,132875395,132963634,-1,AFF4
ENSG00000072840,4,5711201,5814305,1,EVC
ENSG00000073146,22,50090006,50161690,1,MOV10L1
ENSG00000073578,5,218303,257082,1,SDHA
ENSG00000073614,12,280057,389320,-1,KDM5A
ENSG00000074047,2,120735623,120992653,1,GLI2
ENSG00000074054,2,121337776,121649476,-1,CLASP1
ENSG00000074181,19,15159038,15200995,-1,NOTCH3
ENSG00000074219,19,49340595,49362457,-1,TEAD2
ENSG00000074416,3,127689062,128052190,-1,MGLL
ENSG00000075213,7,83955777,84492724,-1,SEMA3A
ENSG00000075223,7,80742538,80922359,-1,SEMA3C
ENSG00000075290,10,100463009,100483744,1,WNT8B
ENSG00000075340,2,70607618,70768225,-1,ADD2
ENSG00000075651,3,171600404,171810950,-1,PLD1
ENSG00000075975,3,12557057,12586208,1,MKRN2
ENSG00000076201,3,47381011,47413435,1,PTPN23
ENSG00000077092,3,24687887,25597932,1,RARB
ENSG00000077549,1,19338775,19485539,-1,CAPZB
ENSG00000077782,8,38400215,38468834,-1,FGFR1
ENSG00000078304,14,101761709,101927989,1,PPP2R5C
ENSG00000078328,16,5239802,7713340,1,RBFOX1
ENSG00000078401,6,12290361,12297194,1,EDN1
ENSG00000078674,8,17922842,18029948,1,PCM1
ENSG00000079102,8,91954972,92103385,-1,RUNX1T1
ENSG00000079335,1,100325629,100520277,1,CDC14A
ENSG00000079805,19,10718055,10833488,1,DNM2
ENSG00000080503,9,1980290,2193624,1,SMARCA2
ENSG00000080546,6,108984309,109094846,-1,SESN1
ENSG00000080815,14,73136418,73223691,1,PSEN1
ENSG00000081189,5,88717117,88904257,-1,MEF2C
ENSG00000081237,1,198638457,198759342,1,PTPRC
ENSG00000081479,2,169127109,169362534,-1,LRP2
ENSG00000081853,5,141338760,141512975,1,PCDHGA2
ENSG00000082014,7,151238764,151277896,-1,SMARCD3
ENSG00000082701,3,119821321,120094994,-1,GSK3B
ENSG00000083168,8,41929479,42051994,-1,KAT6A
ENSG00000083307,8,101492439,101669726,1,GRHL2
ENSG00000083535,13,72782133,73016461,1,PIBF1
ENSG00000083642,13,32586452,32778019,1,PDS5B
ENSG00000084207,11,67583742,67586656,1,GSTP1
ENSG00000084674,2,21001429,21044073,-1,APOB
ENSG00000085465,1,111414319,111427735,-1,OVGP1
ENSG00000085563,7,87503017,87713323,-1,ABCB1
ENSG00000085741,11,76186325,76210736,-1,WNT11
ENSG00000085832,1,51354263,51519328,-1,EPS15
ENSG00000086288,7,37848597,37900397,1,NME8
ENSG00000086570,5,151504092,151591331,-1,FAT2
ENSG00000086758,X,53532096,53686752,-1,HUWE1
ENSG00000086827,11,113733187,113773735,-1,ZW10
ENSG00000087095,17,28041737,28196381,1,NLK
ENSG00000087245,16,55389700,55506691,1,MMP2
ENSG00000087510,20,56629306,56639283,1,TFAP2C
ENSG00000089225,12,114353911,114408442,-1,TBX5
ENSG00000089250,12,117208142,117452170,-1,NOS1
ENSG00000090382,12,69348381,69354234,1,LYZ
ENSG00000090776,X,68829021,68842160,1,EFNB1
ENSG00000091073,7,76461676,76505995,1,DTX2
ENSG00000091428,2,172735274,173052893,1,RAPGEF4
ENSG00000091482,X,21705978,21758116,-1,SMPX
ENSG00000091513,3,133746040,133796641,1,TF
ENSG00000091536,17,18108756,18179802,1,MYO15A
ENSG00000091831,6,151656691,152129619,1,ESR1
ENSG00000092054,14,23412740,23435660,-1,MYH7
ENSG00000092148,14,31100117,31207804,-1,HECTD1
ENSG00000092377,Y,6910686,7101970,1,TBL1Y
ENSG00000092850,1,36084094,36088275,1,TEKT2
ENSG00000092969,1,218345336,218444619,1,TGFB2
ENSG00000093009,22,19479457,19520612,1,CDC45
ENSG00000093010,22,19941371,19969975,1,COMT
ENSG00000093072,22,17178790,17258235,-1,ADA2
ENSG00000095303,9,122370530,122395703,1,PTGS1
ENSG00000095319,9,128947699,129007096,1,NUP188
ENSG00000095596,10,93073475,93077885,1,CYP26A1
ENSG00000096433,6,33620365,33696574,1,ITPR3
ENSG00000096696,6,7541326,7586717,1,DSP
ENSG00000096717,10,67884656,67918390,1,SIRT1
ENSG00000097007,9,130713043,130887675,1,ABL1
ENSG00000099139,9,75890644,76362975,1,PCSK5
ENSG00000099250,10,33177492,33336262,-1,NRP1
ENSG00000099822,19,589881,617159,1,HCN2
ENSG00000099889,22,19969896,20016823,-1,ARVCF
ENSG00000099901,22,20115938,20127355,1,RANBP1
ENSG00000099904,22,20129456,20148007,1,ZDHHC8
ENSG00000099937,22,20774113,20787720,1,SERPIND1
ENSG00000099940,22,20859007,20891214,1,SNAP29
ENSG00000099942,22,20917407,20953747,1,CRKL
ENSG00000099949,22,20982269,20999032,1,LZTR1
ENSG00000099957,22,21009808,21028013,1,P2RX6
ENSG00000100014,22,24270817,24417739,1,SPECC1L
ENSG00000100033,22,18912777,18936553,-1,PRODH
ENSG00000100084,22,19330698,19447450,-1,HIRA
ENSG00000100138,22,41673933,41690504,-1,SNU13
ENSG00000100146,22,37970686,37987422,-1,SOX10
ENSG00000100234,22,32801705,32863041,1,TIMP3
ENSG00000100285,22,29480218,29491390,1,NEFH
ENSG00000100320,22,35738736,36028824,-1,RBFOX2
ENSG00000100324,22,39399778,39437060,1,TAB1
ENSG00000100359,22,40370591,40410289,1,SGSM3
ENSG00000100393,22,41092510,41180077,1,EP300
ENSG00000100503,14,50719763,50831162,-1,NIN
ENSG00000100554,14,67294371,67360265,-1,ATP6V1D
ENSG00000100578,14,58427385,58551297,1,KIAA0586
ENSG00000100580,14,77335029,77377094,-1,TMED8
ENSG00000100592,14,59188646,59371405,1,DAAM1
ENSG00000100644,14,61695513,61748259,1,HIF1A
ENSG00000100714,14,64388031,64463457,1,MTHFD1
ENSG00000100941,14,39175183,39183220,1,PNN
ENSG00000100979,20,45898621,45912155,-1,PLTP
ENSG00000100985,20,46008908,46016561,1,MMP9
ENSG00000101096,20,51386957,51562831,-1,NFATC2
ENSG00000101115,20,51782331,51802521,-1,SALL4
ENSG00000101198,20,63240784,63272694,-1,NKAIN4
ENSG00000101266,20,472498,543835,-1,CSNK2A1
ENSG00000101384,20,10637684,10673999,-1,JAG1
ENSG00000101407,20,37983007,38033461,-1,TTI1
ENSG00000101439,20,23626706,23638473,-1,CST3
ENSG00000101452,20,38962299,39039723,1,DHX35
ENSG00000101544,18,80109262,80147523,1,ADNP2
ENSG00000101639,18,12991362,13125052,1,CEP192
ENSG00000101868,X,24693873,24996986,1,POLA1
ENSG00000101871,X,10445310,10833654,-1,MID1
ENSG00000101997,X,49235470,49250520,1,CCDC22
ENSG00000102081,X,147911919,147951125,1,FMR1
ENSG00000102100,X,48903180,48911958,-1,SLC35A2
ENSG00000102125,X,154411524,154421726,1,TAFAZZIN
ENSG00000102265,X,47582408,47586789,1,TIMP1
ENSG00000102755,13,28300346,28495145,-1,FLT1
ENSG00000102893,16,47461123,47701523,1,PHKB
ENSG00000103126,16,287440,352723,-1,AXIN1
ENSG00000103148,16,84271,138677,-1,NPRL3
ENSG00000103241,16,86510527,86515422,1,FOXF1
ENSG00000103316,16,21238874,21303083,-1,CRYM
ENSG00000103449,16,51135982,51152334,-1,SALL1
ENSG00000103490,16,31201486,31203450,-1,PYCARD
ENSG00000103811,15,78921058,78949574,-1,CTSH
ENSG00000103995,15,48712928,48811146,-1,CEP152
ENSG00000104237,8,54509422,54871720,1,RP1
ENSG00000104332,8,41261962,41309473,-1,SFRP1
ENSG00000104371,8,42374063,42377229,-1,DKK4
ENSG00000104450,8,100157906,100259278,1,SPAG1
ENSG00000104695,8,30774457,30814314,-1,PPP2CB
ENSG00000104814,19,38587641,38618882,-1,MAP4K1
ENSG00000105325,19,3506311,3538334,1,FZR1
ENSG00000105329,19,41301587,41353922,-1,TGFB1
ENSG00000105429,19,42325609,42378769,1,MEGF8
ENSG00000105479,19,48296457,48321971,-1,ODAD1
ENSG00000105519,19,5912339,5916211,1,CAPS
ENSG00000105672,19,35641745,35644871,1,ETV2
ENSG00000105698,19,35268962,35279821,1,USF2
ENSG00000105877,7,21543039,21901839,1,DNAH11
ENSG00000105894,7,137227341,137343774,-1,PTN
ENSG00000105974,7,116524994,116561179,1,CAV1
ENSG00000105989,7,117275451,117323152,-1,WNT2
ENSG00000105991,7,27092993,27096000,-1,HOXA1
ENSG00000106003,7,2512529,2529177,1,LFNG
ENSG00000106330,7,100612102,100615384,1,MOSPD3
ENSG00000106462,7,148807257,148884321,-1,EZH2
ENSG00000106511,7,15611212,15686683,-1,MEOX2
ENSG00000106541,7,16791811,16833433,-1,AGR2
ENSG00000106546,7,16916359,17346152,1,AHR
ENSG00000106571,7,41960949,42264100,-1,GLI3
ENSG00000106631,7,44138864,44141332,-1,MYL7
ENSG00000106688,9,4490468,4587469,1,SLC1A1
ENSG00000106799,9,99104038,99154192,1,TGFBR1
ENSG00000106829,9,79571773,79726882,1,TLE4
ENSG00000106991,9,127811130,127854773,-1,ENG
ENSG00000107317,9,136975092,136981742,1,PTGDS
ENSG00000107404,1,1335276,1349418,-1,DVL1
ENSG00000107485,10,8045378,8075198,1,GATA3
ENSG00000107562,10,44370165,44386493,-1,CXCL12
ENSG00000107593,10,100288149,100330264,-1,PKD2L1
ENSG00000107611,10,16823966,17129811,-1,CUBN
ENSG00000107736,10,71396920,71815947,1,CDH23
ENSG00000107779,10,86755786,86932825,1,BMPR1A
ENSG00000107796,10,88934822,88991339,-1,ACTA2
ENSG00000107831,10,101770109,101780371,-1,FGF8
ENSG00000107882,10,102503972,102633535,1,SUFU
ENSG00000107949,10,125823546,125853695,1,BCCIP
ENSG00000108010,10,130136391,130184521,1,GLRX3
ENSG00000108061,10,110919367,111017307,1,SHOC2
ENSG00000108379,17,46762506,46833154,-1,WNT3
ENSG00000108381,17,3472374,3503405,1,ASPA
ENSG00000108474,17,16217191,16351797,1,PIGL
ENSG00000108883,17,44849948,44899445,-1,EFTUD2
ENSG00000109063,17,10628526,10657309,-1,MYH3
ENSG00000109107,17,28573115,28576948,-1,ALDOC
ENSG00000109132,4,41744082,41748725,-1,PHOX2B
ENSG00000109208,4,70360760,70367158,1,SMR3A
ENSG00000109320,4,102501330,102617302,1,NFKB1
ENSG00000109906,11,114059041,114256765,1,ZBTB16
ENSG00000110042,11,59171430,59208588,1,DTX4
ENSG00000110195,11,72189558,72196323,1,FOLR1
ENSG00000110245,11,116829706,116833072,1,APOC3
ENSG00000110693,11,15966449,16739591,-1,SOX6
ENSG00000110711,11,67468174,67491154,1,AIP
ENSG00000110799,12,5948877,6124770,-1,VWF
ENSG00000110906,12,109448655,109477359,-1,KCTD10
ENSG00000111052,12,80792520,80937934,-1,LIN7A
ENSG00000111057,12,52948871,52952906,1,KRT18
ENSG00000111087,12,57459785,57472268,1,GLI1
ENSG00000111145,12,96194375,96269824,1,ELK3
ENSG00000111186,12,1529891,1647212,1,WNT5B
ENSG00000111206,12,2857680,2877174,-1,FOXM1
ENSG00000111245,12,110909996,111052434,-1,MYL2
ENSG00000111596,12,70243002,70354993,1,CNOT2
ENSG00000111674,12,6913745,6923698,1,ENO2
ENSG00000111752,12,8913896,8941467,1,PHC1
ENSG00000112210,6,57186992,57222307,-1,RAB23
ENSG00000112276,6,105096822,105137157,-1,BVES
ENSG00000112282,6,131573966,131628242,-1,MED23
ENSG00000112378,6,138088505,138107419,-1,PERP
ENSG00000112640,6,42984553,43012342,1,PPP2R5D
ENSG00000112658,6,43171269,43181506,1,SRF
ENSG00000112715,6,43770184,43786487,1,VEGFA
ENSG00000112837,6,84687351,84764598,-1,TBX18
ENSG00000113163,5,75356345,75512138,-1,CERT1
ENSG00000113196,5,154474972,154478227,-1,HAND1
ENSG00000113430,5,1877413,1887236,-1,IRX4
ENSG00000113575,5,134193978,134226073,-1,PPP2CA
ENSG00000113578,5,142592178,142698070,-1,FGF1
ENSG00000113643,5,168486451,168519301,1,RARS1
ENSG00000113649,5,146447311,146511961,1,TCERG1
ENSG00000113712,5,149492982,149551471,-1,CSNK1A1
ENSG00000113971,3,132680609,132722432,-1,NPHP3
ENSG00000114251,3,55465715,55490539,-1,WNT5A
ENSG00000114279,3,192139390,192767764,-1,FGF12
ENSG00000114480,3,81489703,81761645,-1,GBE1
ENSG00000114739,3,38453890,38493142,1,ACVR2B
ENSG00000114841,3,52316319,52400492,1,DNAH1
ENSG00000114854,3,52451100,52454041,-1,TNNC1
ENSG00000114861,3,70954693,71583978,-1,FOXP1
ENSG00000114902,3,52704955,52711148,1,SPCS1
ENSG00000115170,2,157736251,157876330,-1,ACVR1
ENSG00000115266,19,1446302,1473244,1,APC2
ENSG00000115286,19,1383527,1395589,1,NDUFS7
ENSG00000115310,2,54972187,55112621,-1,RTN4
ENSG00000115392,2,58159243,58241410,-1,FANCL
ENSG00000115414,2,215360440,215436073,-1,FN1
ENSG00000115423,2,84516455,84819589,1,DNAH6
ENSG00000115464,2,61187463,61471087,-1,USP34
ENSG00000115593,2,88067825,88113384,1,SMYD1
ENSG00000115738,2,8678845,8684461,1,ID2
ENSG00000115866,2,135905881,135986100,-1,DARS1
ENSG00000115904,2,38962206,39124345,-1,SOS1
ENSG00000115919,2,142877657,143055833,1,KYNU
ENSG00000115946,2,68157888,68176238,1,PNO1
ENSG00000116016,2,46293667,46386697,1,EPAS1
ENSG00000116127,2,73385758,73625166,1,ALMS1
ENSG00000116128,1,147541501,147626216,1,BCL9
ENSG00000116161,1,174999163,175012027,1,CACYBP
ENSG00000116218,1,179550539,179575952,-1,NPHS2
ENSG00000116254,1,6101787,6180321,-1,CHD5
ENSG00000116478,1,32292083,32333635,1,HDAC1
ENSG00000116604,1,156463727,156500779,-1,MEF2D
ENSG00000116761,1,70411218,70439851,1,CTH
ENSG00000116871,1,36155579,36180849,1,MAP7D1
ENSG00000116984,1,236795260,236921278,1,MTR
ENSG00000117000,1,40161387,40240921,1,RLF
ENSG00000117020,1,243488233,243851079,-1,AKT3
ENSG00000117118,1,17018664,17054151,-1,SDHB
ENSG00000117318,1,23557926,23559501,-1,ID3
ENSG00000117362,1,150265399,150269580,-1,APH1A
ENSG00000117425,1,44819154,44843253,-1,PTCH2
ENSG00000117519,1,94896949,94927223,-1,CNN3
ENSG00000117650,1,211658657,211675630,-1,NEK2
ENSG00000117707,1,213983181,214041510,1,PROX1
ENSG00000117713,1,26693236,26782104,1,ARID1A
ENSG00000118058,11,118436456,118526832,1,KMT2A
ENSG00000118137,11,116835751,116837622,-1,APOA1
ENSG00000118194,1,201359008,201377764,-1,TNNT2
ENSG00000118495,6,143940300,144064599,-1,PLAGL1
ENSG00000118557,16,72112157,72176878,-1,PMFBP1
ENSG00000118729,1,115698038,115837921,-1,CASQ2
ENSG00000118965,2,19910263,19990105,-1,WDR35
ENSG00000118997,2,195737703,196068837,-1,DNAH7
ENSG00000119401,9,116687305,116701300,1,TRIM32
ENSG00000119471,9,112380080,112472405,1,HSDL2
ENSG00000119509,9,100099243,100302175,1,INVS
ENSG00000119681,14,74498183,74612378,-1,LTBP2
ENSG00000119685,14,75633625,75955079,1,TTLL5
ENSG00000119699,14,75958097,75983011,-1,TGFB3
ENSG00000119888,2,47345158,47387601,1,EPCAM
ENSG00000120008,10,120851305,120909524,1,WDR11
ENSG00000120057,10,97766751,97771999,-1,SFRP5
ENSG00000120071,17,46029916,46225389,-1,KANSL1
ENSG00000120094,17,48528526,48531011,-1,HOXB1
ENSG00000120149,5,174724582,174730896,1,MSX2
ENSG00000120156,9,27109141,27230174,1,TEK
ENSG00000120837,12,104117086,104138241,-1,NFYB
ENSG00000120915,8,27490781,27548615,1,EPHX2
ENSG00000120937,1,11857464,11858945,-1,NPPB
ENSG00000121022,8,67043079,67083783,-1,COPS5
ENSG00000121039,8,73294602,73325281,1,RDH10
ENSG00000121068,17,61399843,61409466,1,TBX2
ENSG00000121361,12,21764955,21775600,-1,KCNJ8
ENSG00000121594,3,119524293,119559614,-1,CD80
ENSG00000121691,11,34438934,34472060,1,CAT
ENSG00000121769,1,31365253,31376850,-1,FABP3
ENSG00000121892,4,39822863,39977956,-1,PDS5A
ENSG00000122584,7,8433609,8752961,1,NXPH1
ENSG00000122691,7,19020991,19117636,-1,TWIST1
ENSG00000122735,9,34457414,34520988,1,DNAI1
ENSG00000122786,7,134744252,134970729,1,CALD1
ENSG00000123066,12,115957905,116277693,-1,MED13L
ENSG00000123106,12,28133249,28581511,1,CCDC91
ENSG00000123136,19,14408798,14419383,-1,DDX39A
ENSG00000123374,12,55966781,55972789,1,CDK2
ENSG00000123384,12,57128483,57213361,1,LRP1
ENSG00000123545,6,96889315,96897891,-1,NDUFAF4
ENSG00000123607,2,165857475,165953851,-1,TTC21B
ENSG00000123700,17,70168673,70180044,1,KCNJ2
ENSG00000123836,1,207034366,207081024,1,PFKFB2
ENSG00000124198,20,48921711,49036693,1,ARFGEF2
ENSG00000124216,20,49982980,49988886,1,SNAI1
ENSG00000124275,5,7851186,7906025,1,MTRR
ENSG00000124486,X,41085445,41236579,1,USP9X
ENSG00000124587,6,42963865,42979181,-1,PEX6
ENSG00000124721,6,38715311,39030792,1,DNAH8
ENSG00000124766,6,21593751,21598619,1,SOX4
ENSG00000124788,6,16299112,16761491,-1,ATXN1
ENSG00000124789,6,17615035,17706925,-1,NUP153
ENSG00000124831,2,237627587,237813682,1,LRRFIP1
ENSG00000124920,11,61752636,61788518,1,MYRF
ENSG00000125084,12,48978322,48982620,1,WNT1
ENSG00000125107,16,58519951,58629885,-1,CNOT1
ENSG00000125124,16,56465640,56582667,-1,BBS2
ENSG00000125148,16,56608584,56609497,1,MT2A
ENSG00000125378,14,53949736,53958761,-1,BMP4
ENSG00000125398,17,72121020,72126416,1,SOX9
ENSG00000125618,2,113215997,113278921,-1,PAX8
ENSG00000125779,20,3888839,3929887,1,PANK2
ENSG00000125845,20,6767686,6780246,1,BMP2
ENSG00000125863,20,10401009,10434222,-1,MKKS
ENSG00000125952,14,65006174,65102695,-1,MAX
ENSG00000125968,20,31573014,31606515,1,ID1
ENSG00000126247,19,36139953,36150353,1,CAPNS1
ENSG00000126267,19,35648323,35658782,1,COX6B1
ENSG00000126705,1,27534035,27604431,-1,AHDC1
ENSG00000126856,16,90056566,90092072,-1,PRDM7
ENSG00000126860,17,31316410,31321749,-1,EVI2A
ENSG00000126934,19,4090321,4124122,-1,MAP2K2
ENSG00000127022,5,179678628,179731641,1,CANX
ENSG00000127241,3,187217282,187291980,-1,MASP1
ENSG00000127463,1,19215660,19251552,-1,EMC1
ENSG00000127528,19,16324826,16328685,1,KLF2
ENSG00000127616,19,10960932,11079426,1,SMARCA4
ENSG00000127948,7,75899200,75986855,1,POR
ENSG00000128052,4,55078481,55125595,-1,KDR
ENSG00000128159,22,50217689,50245023,-1,TUBGCP6
ENSG00000128191,22,20080221,20111877,1,DGCR8
ENSG00000128285,22,40679273,40682812,1,MCHR1
ENSG00000128591,7,128830406,128859274,1,FLNC
ENSG00000128595,7,128739292,128773400,1,CALU
ENSG00000128602,7,129188633,129213545,1,SMO
ENSG00000128917,15,40929340,40939073,1,DLL4
ENSG00000128918,15,57953424,58497866,-1,ALDH1A2
ENSG00000129152,11,17719571,17722136,1,MYOD1
ENSG00000129194,17,7588178,7590094,-1,SOX15
ENSG00000129465,14,24336025,24340022,-1,RIPK3
ENSG00000129991,19,55151767,55157773,-1,TNNI3
ENSG00000130005,19,1397026,1401570,-1,GAMT
ENSG00000130158,19,11199295,11262524,-1,DOCK6
ENSG00000130176,19,11538767,11550323,1,CNN1
ENSG00000130283,19,18868545,18896158,-1,GDF1
ENSG00000130413,11,8391868,8594289,-1,STK33
ENSG00000130427,7,100720468,100723700,1,EPO
ENSG00000130522,19,18279694,18281622,-1,JUND
ENSG00000130598,11,1838981,1841680,1,TNNI2
ENSG00000130600,11,1995165,2004552,-1,H19
ENSG00000130700,20,62463497,62475995,-1,GATA5
ENSG00000130702,20,62307955,62367312,-1,LAMA5
ENSG00000130770,1,28236109,28246906,1,ATP5IF1
ENSG00000130816,19,10133342,10231286,-1,DNMT1
ENSG00000130856,18,76822557,76972901,1,ZNF236
ENSG00000130940,1,10636604,10796650,-1,CASZ1
ENSG00000131016,6,151239967,151358559,1,AKAP12
ENSG00000131196,18,79395856,79529325,1,NFATC1
ENSG00000131650,16,2964216,2968380,1,KREMEN2
ENSG00000131653,16,2155698,2178129,1,TRAF7
ENSG00000131668,9,93951627,93955355,-1,BARX1
ENSG00000131697,1,5862811,5992473,-1,NPHP4
ENSG00000131759,17,40309180,40357643,1,RARA
ENSG00000131828,X,19343893,19361718,1,PDHA1
ENSG00000132155,3,12582101,12664201,-1,RAF1
ENSG00000132196,1,162790702,162812823,1,HSD17B7
ENSG00000132199,18,670318,712662,-1,ENOSF1
ENSG00000132326,2,238244044,238290102,-1,PER2
ENSG00000132694,1,156934840,157046903,-1,ARHGEF11
ENSG00000132740,11,68903863,68940602,1,IGHMBP2
ENSG00000132837,5,78997564,79236038,-1,DMGDH
ENSG00000132840,5,79069767,79090069,1,BHMT2
ENSG00000132964,13,26254104,26420982,1,CDK8
ENSG00000133020,17,10390322,10421950,-1,MYH8
ENSG00000133110,13,37562583,37598844,-1,POSTN
ENSG00000133256,4,625573,670782,1,PDE6B
ENSG00000133392,16,15703135,15858438,-1,MYH11
ENSG00000133606,7,140453033,140479536,-1,MKRN1
ENSG00000133703,12,25205246,25250936,-1,KRAS
ENSG00000133706,5,146110566,146182696,-1,LARS1
ENSG00000133742,8,85327608,85379014,-1,CA1
ENSG00000133816,11,12094008,12362140,1,MICAL2
ENSG00000133961,14,73275107,73466167,-1,NUMB
ENSG00000134138,15,36889204,37101299,-1,MEIS2
ENSG00000134202,1,109733932,109741038,-1,GSTM3
ENSG00000134245,1,112466541,112530165,1,WNT2B
ENSG00000134250,1,119911553,120100779,-1,NOTCH2
ENSG00000134318,2,11179759,11348330,-1,ROCK2
ENSG00000134323,2,15940550,15947007,1,MYCN
ENSG00000134532,12,23529504,24562544,-1,SOX5
ENSG00000134533,12,15107783,15348675,-1,RERG
ENSG00000134571,11,47331406,47352702,-1,MYBPC3
ENSG00000134574,11,47214465,47239217,1,DDB2
ENSG00000134595,X,140502985,140505069,-1,SOX3
ENSG00000134716,1,59893308,59926773,-1,CYP2J2
ENSG00000134769,18,34493291,34891844,1,DTNA
ENSG00000134853,4,54229280,54298245,1,PDGFRA
ENSG00000134954,11,128458761,128587558,-1,ETS1
ENSG00000134982,5,112707518,112846239,1,APC
ENSG00000135074,5,157395534,157575775,-1,ADAM19
ENSG00000135100,12,120978543,121002512,1,HNF1A
ENSG00000135111,12,114670255,114684175,-1,TBX3
ENSG00000135218,7,80369575,80679277,1,CD36
ENSG00000135250,7,105110704,105399308,-1,SRPK2
ENSG00000135272,7,114922094,115019917,1,MDFIC
ENSG00000135341,6,90513573,90587086,-1,MAP3K7
ENSG00000135407,12,57797376,57818734,-1,AVIL
ENSG00000135446,12,57747727,57756013,-1,CDK4
ENSG00000135480,12,52232520,52252186,1,KRT7
ENSG00000135486,12,54280193,54287088,1,HNRNPA1
ENSG00000135541,6,135283407,135498434,-1,AHI1
ENSG00000135547,6,125747664,125761269,1,HEY2
ENSG00000135636,2,71453561,71686763,1,DYSF
ENSG00000135821,1,182378098,182392206,-1,GLUL
ENSG00000135903,2,222199887,222298998,-1,PAX3
ENSG00000135912,2,218710835,218755416,1,TTLL4
ENSG00000135914,2,231108230,231125042,-1,HTR2B
ENSG00000135925,2,218880852,218899581,1,WNT10A
ENSG00000136114,13,52377167,52416373,-1,THSD1
ENSG00000136238,7,6374527,6403967,1,RAC1
ENSG00000136383,15,84817356,84873479,1,ALPK3
ENSG00000136457,17,50464496,50468906,-1,CHAD
ENSG00000136488,17,63894909,63896661,-1,CSH1
ENSG00000136574,8,11676959,11760002,1,GATA4
ENSG00000136628,1,219968600,220046530,-1,EPRS1
ENSG00000136698,2,130592165,130599575,-1,CFC1
ENSG00000136802,9,128882133,128918039,1,LRRC8A
ENSG00000136861,9,120388875,120580170,-1,CDK5RAP2
ENSG00000136872,9,101420560,101449664,-1,ALDOB
ENSG00000136877,9,127794597,127814494,1,FPGS
ENSG00000136997,8,127735434,127742951,1,MYC
ENSG00000137077,9,34709005,34710136,-1,CCL21
ENSG00000137221,6,43477523,43506556,1,TJAP1
ENSG00000137285,6,3223324,3231730,-1,TUBB2B
ENSG00000137441,4,15960245,15969309,-1,FGFBP2
ENSG00000137501,11,85694224,85811159,-1,SYTL2
ENSG00000137745,11,102942995,102955732,-1,MMP13
ENSG00000137767,15,45631148,45691281,1,SQOR
ENSG00000137801,15,39581079,39599466,1,THBS1
ENSG00000137822,15,43369221,43409771,1,TUBGCP4
ENSG00000137834,15,66702236,66782849,1,SMAD6
ENSG00000137868,15,74179466,74212267,-1,STRA6
ENSG00000137877,15,41848146,41894053,-1,SPTBN5
ENSG00000138002,2,27444377,27489805,-1,IFT172
ENSG00000138061,2,38066973,38109902,-1,CYP1B1
ENSG00000138136,10,101226994,101229463,-1,LBX1
ENSG00000138207,10,93591687,93601744,-1,RBP4
ENSG00000138587,15,56421544,56465137,-1,MNS1
ENSG00000138675,4,80266639,80336680,1,FGF5
ENSG00000138685,4,122826682,122898236,1,FGF2
ENSG00000138771,4,76435229,76783253,1,SHROOM3
ENSG00000138795,4,108047545,108168956,-1,LEF1
ENSG00000138814,4,101023409,101348278,-1,PPP3CA
ENSG00000138829,5,128257909,128659185,-1,FBN2
ENSG00000139112,12,10212458,10223128,1,GABARAPL1
ENSG00000139194,12,7115736,7128889,-1,RBP5
ENSG00000139323,12,89419718,89526047,-1,POC1B
ENSG00000139537,12,48904110,48931840,1,CCDC65
ENSG00000139567,12,51906908,51923361,1,ACVRL1
ENSG00000140092,14,91869411,91947987,-1,FBLN5
ENSG00000140153,14,102139503,102224847,1,WDR20
ENSG00000140416,15,63042620,63071915,1,TPM1
ENSG00000140465,15,74719542,74725536,-1,CYP1A1
ENSG00000140479,15,101289784,101525202,-1,PCSK6
ENSG00000140525,15,89243945,89317261,1,FANCI
ENSG00000140538,15,87859751,88256791,-1,NTRK3
ENSG00000140563,15,94231538,94483952,1,MCTP2
ENSG00000140575,15,90388242,90502239,1,IQGAP1
ENSG00000140623,16,4777606,4788398,-1,SEPTIN12
ENSG00000140650,16,8788823,8862534,1,PMM2
ENSG00000140682,16,31471585,31477960,1,TGFB1I1
ENSG00000140829,16,72093613,72112912,1,DHX38
ENSG00000140854,16,57735739,57757244,1,KATNB1
ENSG00000140990,16,1959538,1961975,1,NDUFB10
ENSG00000141052,17,12665890,12768949,1,MYOCD
ENSG00000141232,17,50862223,50867978,-1,TOB1
ENSG00000141349,17,44070620,44082151,1,G6PC3
ENSG00000141448,18,22169589,22202528,1,GATA6
ENSG00000141449,18,21242232,21526112,1,GREB1L
ENSG00000141510,17,7661779,7687546,-1,TP53
ENSG00000141519,17,80036632,80100613,1,CCDC40
ENSG00000141551,17,82239023,82273700,-1,CSNK1D
ENSG00000141646,18,51028528,51085045,1,SMAD4
ENSG00000141759,18,79970813,80033949,-1,TXNL4A
ENSG00000142156,21,45981770,46005050,1,COL6A1
ENSG00000142166,21,33324387,33359864,1,IFNAR1
ENSG00000142168,21,31659666,31668931,1,SOD1
ENSG00000142173,21,46098112,46132848,1,COL6A2
ENSG00000142188,21,33432485,33479974,-1,TMEM50B
ENSG00000142192,21,25880535,26171128,-1,APP
ENSG00000142208,14,104769349,104795759,-1,AKT1
ENSG00000142303,19,8580240,8610735,-1,ADAMTS10
ENSG00000142599,1,8352397,8848921,-1,RERE
ENSG00000142669,1,26280086,26281522,1,SH3BGRL3
ENSG00000142731,4,127880893,127899224,1,PLK4
ENSG00000142798,1,21822244,21937310,-1,HSPG2
ENSG00000142871,1,85580761,85584589,1,CCN1
ENSG00000143126,1,109249539,109275751,1,CELSR2
ENSG00000143190,1,167220876,167427345,1,POU2F1
ENSG00000143252,1,161314381,161363206,1,SDHC
ENSG00000143514,1,223779893,223845954,-1,TP53BP2
ENSG00000143546,1,153390032,153391073,-1,S100A8
ENSG00000143575,1,154272355,154275875,1,HAX1
ENSG00000143622,1,155897808,155911404,-1,RIT1
ENSG00000143632,1,229430365,229434104,-1,ACTA1
ENSG00000143768,1,225936598,225941383,-1,LEFTY2
ENSG00000143774,1,228139962,228148984,1,GUK1
ENSG00000143801,1,226870184,226927726,1,PSEN2
ENSG00000143816,1,227918656,227947932,-1,WNT9A
ENSG00000143842,1,204073115,204127743,1,SOX13
ENSG00000143951,2,63119559,63827843,-1,WDPCP
ENSG00000144891,3,148697784,148743008,1,AGTR1
ENSG00000145012,3,188153284,188890671,1,LPP
ENSG00000145244,4,47593999,47838106,-1,CORIN
ENSG00000145335,4,89700345,89838315,-1,SNCA
ENSG00000145423,4,153780591,153789083,-1,SFRP2
ENSG00000145692,5,79111809,79132288,1,BHMT
ENSG00000145715,5,87267883,87391931,1,RASA1
ENSG00000145808,5,129460281,129738683,1,ADAMTS19
ENSG00000146648,7,55019017,55211628,1,EGFR
ENSG00000146678,7,45888360,45893660,1,IGFBP1
ENSG00000147044,X,41514934,41923554,-1,CASK
ENSG00000147050,X,44873188,45112779,1,KDM6A
ENSG00000147140,X,71254814,71301522,1,NONO
ENSG00000147408,8,19404161,19758029,-1,CSGALNACT1
ENSG00000147684,8,124539101,124580648,1,NDUFB9
ENSG00000147889,9,21967752,21995301,-1,CDKN2A
ENSG00000148053,9,84668375,85095751,1,NTRK2
ENSG00000148082,9,89005771,89178818,-1,SHC3
ENSG00000148180,9,121207794,121332843,1,GSN
ENSG00000148204,9,123356170,123380324,1,CRB2
ENSG00000148400,9,136494433,136546048,-1,NOTCH1
ENSG00000148677,10,90912096,90921087,-1,ANKRD1
ENSG00000148737,10,112950247,113167678,1,TCF7L2
ENSG00000149292,11,113314579,113383544,1,TTC12
ENSG00000149541,11,62615296,62622154,-1,B3GAT3
ENSG00000149591,11,117199370,117207464,1,TAGLN
ENSG00000150457,13,20973036,21061586,-1,LATS2
ENSG00000150540,2,137964020,138016364,1,HNMT
ENSG00000150630,4,176683538,176792922,-1,VEGFC
ENSG00000150907,13,40555667,40666641,-1,FOXO1
ENSG00000150991,12,124911604,124917368,-1,UBC
ENSG00000150995,3,4493345,4847506,1,ITPR1
ENSG00000151067,12,1970772,2697950,1,CACNA1C
ENSG00000151150,10,60026298,60733490,-1,ANK3
ENSG00000151233,12,42081845,42144874,-1,GXYLT1
ENSG00000151461,10,11920022,12043170,-1,UPF2
ENSG00000151615,4,146638893,146642474,1,POU4F2
ENSG00000151665,2,46580937,46617055,-1,PIGF
ENSG00000151849,13,24882279,24922889,-1,CENPJ
ENSG00000152093,2,130521197,130528604,1,CFC1B
ENSG00000152192,13,78598362,78603552,-1,POU4F1
ENSG00000152284,2,85133392,85310387,1,TCF7L1
ENSG00000152518,2,43222402,43226606,-1,ZFP36L2
ENSG00000152582,5,35617844,35814611,1,SPEF2
ENSG00000152661,6,121435595,121449727,1,GJA1
ENSG00000152669,5,55231152,55233608,-1,CCNO
ENSG00000152763,1,66812885,66924856,-1,DNAI4
ENSG00000152952,3,146035139,146163725,-1,PLOD2
ENSG00000153208,2,111898607,112029561,1,MERTK
ENSG00000153814,7,27830573,28180795,-1,JAZF1
ENSG00000153993,7,84995553,85187056,-1,SEMA3D
ENSG00000154001,14,63371364,63543377,-1,PPP2R5E
ENSG00000154099,16,84145287,84178767,1,DNAAF1
ENSG00000154133,11,124883691,124898500,-1,ROBO4
ENSG00000154146,11,124739942,124747210,1,NRGN
ENSG00000154188,8,107249482,107498055,-1,ANGPT1
ENSG00000154342,1,228006998,228061271,1,WNT3A
ENSG00000154358,1,228208044,228378876,1,OBSCN
ENSG00000154485,10,125753580,125775821,-1,MMP21
ENSG00000154734,21,26835755,26845409,-1,ADAMTS1
ENSG00000154767,3,14145145,14178621,-1,XPC
ENSG00000154783,3,14810853,14934571,1,FGD5
ENSG00000155393,16,50065967,50107272,1,HEATR3
ENSG00000155657,2,178525989,178830802,-1,TTN
ENSG00000155660,7,149003062,149028662,-1,PDIA4
ENSG00000155760,2,202033855,202038441,1,FZD7
ENSG00000156194,4,75859864,75902571,-1,PPEF2
ENSG00000156282,21,30165565,30166805,-1,CLDN17
ENSG00000156299,21,31118416,31559977,-1,TIAM1
ENSG00000156313,X,38269163,38327544,-1,RPGR
ENSG00000156427,5,171419647,171457626,1,FGF18
ENSG00000156475,5,146580742,147084784,-1,PPP2R2B
ENSG00000156574,10,70431936,70447951,-1,NODAL
ENSG00000156650,10,74824927,75032624,1,KAT6B
ENSG00000156925,X,137566127,137577691,1,ZIC3
ENSG00000157005,3,187668912,187670394,-1,SST
ENSG00000157150,3,12153068,12158912,-1,TIMP4
ENSG00000157168,8,31639222,32855666,1,NRG1
ENSG00000157240,7,91264433,91271326,1,FZD1
ENSG00000157388,3,53328963,53813733,1,CACNA1D
ENSG00000157423,16,70802084,71230722,-1,HYDIN
ENSG00000157538,21,37223420,37267919,-1,VPS26C
ENSG00000157593,6,44254096,44257890,-1,SLC35B2
ENSG00000157657,9,113876282,114056593,1,ZNF618
ENSG00000157764,7,140719327,140924929,-1,BRAF
ENSG00000157796,4,39182504,39285810,1,WDR19
ENSG00000157856,2,26401920,26456711,1,DRC1
ENSG00000158079,9,94030794,94109856,1,PTPDC1
ENSG00000158321,7,69598296,70793506,1,AUTS2
ENSG00000158467,7,129225030,129430211,1,AHCYL2
ENSG00000158486,16,20933111,21159441,-1,DNAH3
ENSG00000158528,7,94907202,95296415,1,PPP1R9A
ENSG00000158683,7,47740202,47948466,-1,PKD1L1
ENSG00000158710,1,159918107,159925507,-1,TAGLN2
ENSG00000158769,1,160995211,161021175,-1,F11R
ENSG00000159128,21,33403413,33479348,1,IFNGR2
ENSG00000159131,21,33503931,33543491,-1,GART
ENSG00000159147,21,33559542,33588706,-1,DONSON
ENSG00000159173,1,201403784,201429866,-1,TNNI1
ENSG00000159200,21,34513142,34615113,-1,RCAN1
ENSG00000159212,21,34668994,34718227,1,CLIC6
ENSG00000159228,21,36069941,36073166,1,CBR1
ENSG00000159251,15,34790107,34795589,-1,ACTC1
ENSG00000159256,21,36320189,36386148,1,MORC3
ENSG00000159259,21,36385392,36419015,1,CHAF1B
ENSG00000159267,21,36748626,36990236,-1,HLCS
ENSG00000159640,17,63477061,63498380,1,ACE
ENSG00000160200,21,43053191,43076943,-1,CBS
ENSG00000160282,21,46136160,46155579,-1,FTCD
ENSG00000160293,9,133761894,133992604,-1,VAV2
ENSG00000160602,17,28725897,28743455,1,NEK8
ENSG00000160710,1,154581695,154628013,-1,ADAR
ENSG00000160789,1,156082572,156140081,1,LMNA
ENSG00000160808,3,46835110,46882178,-1,MYL3
ENSG00000160867,5,177086905,177098144,1,FGFR4
ENSG00000160932,8,143017982,143023832,1,LY6E
ENSG00000160973,8,144473412,144475849,-1,FOXH1
ENSG00000161021,5,179732822,179777283,1,MAML1
ENSG00000161270,19,35825372,35869287,-1,NPHS1
ENSG00000161328,11,537527,554912,1,LRRC56
ENSG00000161381,17,39063313,39154394,-1,PLXDC1
ENSG00000161395,17,39671122,39696797,-1,PGAP3
ENSG00000161547,17,76734115,76737333,-1,SRSF2
ENSG00000162337,11,68312591,68449275,1,LRP5
ENSG00000162344,11,69698238,69704022,-1,FGF19
ENSG00000162552,1,22117313,22143969,-1,WNT4
ENSG00000162571,1,1173880,1197936,1,TTLL10
ENSG00000162614,1,77888513,77943895,1,NEXN
ENSG00000162736,1,160343294,160358952,1,NCSTN
ENSG00000162738,1,160400564,160428678,1,VANGL2
ENSG00000162882,2,42767089,42792593,-1,HAAO
ENSG00000162998,2,182833275,182866637,-1,FRZB
ENSG00000163071,4,52051304,52097299,1,SPATA18
ENSG00000163110,4,94451857,94668227,1,PDLIM5
ENSG00000163132,4,4859665,4863936,1,MSX1
ENSG00000163220,1,153357854,153361023,1,S100A9
ENSG00000163482,2,218672069,218702716,1,STK36
ENSG00000163513,3,30606478,30694249,1,TGFBR2
ENSG00000163520,3,13549125,13638422,1,FBLN2
ENSG00000163539,3,33496245,33718356,-1,CLASP2
ENSG00000163563,1,158831351,158849506,1,MNDA
ENSG00000163576,3,19879472,19947025,-1,EFHB
ENSG00000163630,3,63228315,63616924,1,SYNPR
ENSG00000163638,3,64515654,64688000,-1,ADAMTS9
ENSG00000163703,3,9933793,9945413,1,CRELD1
ENSG00000163736,4,73985966,73988276,-1,PPBP
ENSG00000163909,1,39623435,39639643,-1,HEYL
ENSG00000163939,3,52545352,52685917,-1,PBRM1
ENSG00000163993,4,6693878,6697170,1,S100P
ENSG00000164066,4,127623271,127726737,1,INTU
ENSG00000164093,4,110617423,110642123,-1,PITX2
ENSG00000164104,4,173331376,173334432,-1,HMGB2
ENSG00000164107,4,173524969,173530229,-1,HAND2
ENSG00000164134,4,139301446,139420033,1,NAA15
ENSG00000164190,5,36876769,37066413,1,NIPBL
ENSG00000164199,5,90529344,91164437,1,ADGRV1
ENSG00000164327,5,38937920,39074402,-1,RICTOR
ENSG00000164442,6,139371807,139374648,-1,CITED2
ENSG00000164458,6,166157656,166168700,-1,TBXT
ENSG00000164532,7,35202430,35254100,-1,TBX20
ENSG00000164615,5,134738495,134752157,1,CAMLG
ENSG00000164627,6,39329990,39725408,-1,KIF6
ENSG00000164649,7,21900899,21945903,-1,CDCA7L
ENSG00000164683,8,79762371,79767857,-1,HEY1
ENSG00000164736,8,54457935,54460892,1,SOX17
ENSG00000164741,8,13083361,13604610,-1,DLC1
ENSG00000164776,7,56080283,56092996,-1,PHKG1
ENSG00000164828,7,816615,896435,1,SUN1
ENSG00000164867,7,150991017,151014588,1,NOS3
ENSG00000164879,8,85373436,85449040,1,CA3
ENSG00000164916,7,4682295,4771442,1,FOXK1
ENSG00000164930,8,103298433,103332866,1,FZD6
ENSG00000164961,8,125024260,125091819,-1,WASHC5
ENSG00000164985,9,15464066,15510995,-1,PSIP1
ENSG00000165029,9,104781006,104928155,-1,ABCA1
ENSG00000165046,8,38386207,38409527,1,LETM2
ENSG00000165060,9,69035751,69079076,1,FXN
ENSG00000165115,9,83834099,83921465,-1,KIF27
ENSG00000165119,9,83968083,83980631,-1,HNRNPK
ENSG00000165169,X,37836757,37847571,-1,DYNLT3
ENSG00000165197,X,15345596,15384413,-1,VEGFD
ENSG00000165409,14,80954989,81146306,1,TSHR
ENSG00000165410,14,34709113,34714823,-1,CFL2
ENSG00000165474,13,20187463,20192938,-1,GJB2
ENSG00000165506,14,49625174,49635244,-1,DNAAF2
ENSG00000165671,5,177131830,177300213,1,NSD1
ENSG00000165699,9,132891348,132946874,-1,TSC1
ENSG00000166033,10,122458551,122514907,1,HTRA1
ENSG00000166086,11,134069071,134152001,1,JAM3
ENSG00000166091,14,23376773,23379772,1,CMTM5
ENSG00000166147,15,48408313,48645721,-1,FBN1
ENSG00000166167,10,101354033,101557321,1,BTRC
ENSG00000166292,17,55719627,55732121,-1,TMEM100
ENSG00000166333,11,6603708,6610874,1,ILK
ENSG00000166341,11,6621330,6655809,-1,DCHS1
ENSG00000166508,7,100092233,100101940,-1,MCM7
ENSG00000166741,11,114257787,114313536,1,NNMT
ENSG00000166813,15,89608789,89663086,-1,KIF7
ENSG00000166823,15,89749875,89751249,-1,MESP1
ENSG00000166888,12,57095408,57132139,-1,STAT6
ENSG00000166922,15,32641676,32697098,1,SCG5
ENSG00000166923,15,32718004,32745106,1,GREM1
ENSG00000166949,15,67063763,67195173,1,SMAD3
ENSG00000166986,12,57475445,57517569,1,MARS1
ENSG00000167037,22,24806169,24927578,1,SGSM1
ENSG00000167074,22,41367333,41399326,1,TEF
ENSG00000167081,9,125747345,125967377,1,PBX3
ENSG00000167244,11,2129112,2158391,-1,IGF2
ENSG00000167468,19,1103982,1106791,1,GPX4
ENSG00000167522,16,89267619,89490561,-1,ANKRD11
ENSG00000167548,12,49018975,49060794,-1,KMT2D
ENSG00000167674,19,4472297,4502208,1,HDGFL2
ENSG00000167702,8,144466043,144474202,1,KIFC2
ENSG00000167723,17,3510502,3557812,-1,TRPV3
ENSG00000167858,17,6789133,6831761,-1,TEKT1
ENSG00000167941,17,43753738,43758791,-1,SOST
ENSG00000168036,3,41194741,41260096,1,CTNNB1
ENSG00000168056,11,65538559,65558930,-1,LTBP3
ENSG00000168061,11,65040901,65044828,1,SAC3D1
ENSG00000168137,3,9397615,9479240,1,SETD5
ENSG00000168214,4,26163455,26435131,1,RBPJ
ENSG00000168393,2,241675747,241686944,-1,DTYMK
ENSG00000168477,6,32041153,32115334,-1,TNXB
ENSG00000168487,8,22165140,22212326,1,BMP1
ENSG00000168496,11,61792911,61797238,1,FEN1
ENSG00000168542,2,188974373,189012746,1,COL3A1
ENSG00000168646,17,65528563,65561648,-1,AXIN2
ENSG00000168765,1,109656099,109665496,1,GSTM4
ENSG00000168778,12,123671110,123708399,1,TCTN2
ENSG00000168779,3,158095905,158106420,-1,SHOX2
ENSG00000168818,4,4415742,4542346,-1,STX18
ENSG00000169016,2,11444375,11466177,-1,E2F6
ENSG00000169019,4,47450787,47463702,-1,COMMD8
ENSG00000169032,15,66386837,66491656,1,MAP2K1
ENSG00000169047,2,226731312,226799820,-1,IRS1
ENSG00000169057,X,154021573,154137103,-1,MECP2
ENSG00000169126,10,27775186,27999079,-1,ODAD2
ENSG00000169242,1,155127876,155134899,1,EFNA1
ENSG00000169554,2,144364364,144521057,-1,ZEB2
ENSG00000169635,22,21417371,21451463,1,HIC2
ENSG00000169676,4,9781634,9784009,1,DRD5
ENSG00000169733,17,82047902,82051831,-1,RFNG
ENSG00000169877,16,31527900,31528803,1,AHSP
ENSG00000169919,7,65960684,65982215,-1,GUSB
ENSG00000169946,8,104590733,105804539,1,ZFPM2
ENSG00000170315,17,16380798,16382745,1,UBB
ENSG00000170323,8,81478419,81483236,-1,FABP4
ENSG00000170421,12,52897187,52949954,-1,KRT8
ENSG00000170430,10,129467190,129770983,1,MGMT
ENSG00000170549,5,3595832,3601403,1,IRX1
ENSG00000170558,18,27932879,28177946,-1,CDH2
ENSG00000170703,17,48762234,48817229,-1,TTLL6
ENSG00000170876,3,14125015,14143680,1,TMEM43
ENSG00000170927,6,51615299,52087613,-1,PKHD1
ENSG00000170961,8,121612116,121641440,-1,HAS2
ENSG00000171056,8,10723768,10730511,-1,SOX7
ENSG00000171189,21,29536933,29940033,-1,GRIK1
ENSG00000171316,8,60678740,60868028,1,CHD7
ENSG00000171401,17,41500981,41505705,-1,KRT13
ENSG00000171476,4,56647989,56681877,-1,HOPX
ENSG00000171497,4,158709127,158723396,-1,PPID
ENSG00000171566,4,154535005,154550400,-1,PLRG1
ENSG00000171587,21,40010999,40847158,-1,DSCAM
ENSG00000171595,17,74274234,74314884,1,DNAI2
ENSG00000171720,5,141620876,141636849,-1,HDAC3
ENSG00000171862,10,87862638,87971930,1,PTEN
ENSG00000172115,7,25118656,25125260,-1,CYCS
ENSG00000172331,7,134646811,134679816,1,BPGM
ENSG00000172346,22,41561010,41577741,1,CSDC2
ENSG00000172361,18,50227193,50266495,-1,CFAP53
ENSG00000172757,11,65823022,65862026,-1,CFL1
ENSG00000172819,12,53210567,53232980,-1,RARG
ENSG00000173020,11,67266473,67286556,1,GRK2
ENSG00000173040,4,5542772,5709548,-1,EVC2
ENSG00000173068,9,16409503,16870843,-1,BNC2
ENSG00000173221,5,95751319,95822726,-1,GLRX
ENSG00000173226,3,121769761,121835079,-1,IQCB1
ENSG00000173402,3,49468713,49535618,1,DAG1
ENSG00000173511,11,64234584,64239264,1,VEGFB
ENSG00000173638,21,45493572,45573365,-1,SLC19A1
ENSG00000173801,17,41754604,41786931,-1,JUP
ENSG00000173991,17,39665349,39666554,1,TCAP
ENSG00000174021,1,84498323,84506581,-1,GNG5
ENSG00000174437,12,110280756,110351093,1,ATP2A2
ENSG00000174483,11,66510606,66533613,1,BBS1
ENSG00000174705,5,172325000,172454525,-1,SH3PXD2B
ENSG00000174775,11,532242,537321,-1,HRAS
ENSG00000174799,4,55948871,56033361,1,CEP135
ENSG00000174844,3,57293699,57544344,-1,DNAH12
ENSG00000175054,3,142449007,142578733,-1,ATR
ENSG00000175084,2,219418377,219426735,1,DES
ENSG00000175183,12,76858709,76879023,-1,CSRP2
ENSG00000175206,1,11845709,11848345,-1,NPPA
ENSG00000176225,18,70003031,70205726,-1,RTTN
ENSG00000176692,16,86566829,86569728,1,FOXC2
ENSG00000176842,16,54930865,54934485,1,IRX5
ENSG00000176887,2,5692384,5701385,1,SOX11
ENSG00000176890,18,657653,673578,1,TYMS
ENSG00000176974,17,18327873,18363550,-1,SHMT1
ENSG00000177000,1,11785723,11806455,-1,MTHFR
ENSG00000177143,18,580380,582114,1,CETN1
ENSG00000177283,10,35638247,35642296,-1,FZD8
ENSG00000177508,16,54283304,54286787,-1,IRX3
ENSG00000177606,1,58776845,58784048,-1,JUN
ENSG00000177706,7,192571,260772,1,FAM20C
ENSG00000177728,17,75441159,75500452,1,TMEM94
ENSG00000177732,20,325552,330224,1,SOX12
ENSG00000177791,10,73631612,73641474,-1,MYOZ1
ENSG00000178078,19,4324043,4342786,-1,STAP2
ENSG00000178234,7,152025674,152122347,1,GALNT11
ENSG00000178498,12,57604622,57609804,1,DTX3
ENSG00000178776,5,147880726,147906538,-1,C5orf46
ENSG00000178980,19,47778677,47784686,1,SELENOW
ENSG00000179111,17,8120592,8124106,-1,HES7
ENSG00000179218,19,12938578,12944489,1,CALR
ENSG00000179284,19,12965159,12974760,1,DAND5
ENSG00000179295,12,112418351,112509918,1,PTPN11
ENSG00000179361,15,74541206,74598131,1,ARID3B
ENSG00000179588,16,88453280,88537031,1,ZFPM1
ENSG00000179776,16,66366690,66404784,1,CDH5
ENSG00000179950,8,143816344,143830709,-1,PUF60
ENSG00000180053,8,23701740,23706756,-1,NKX2-6
ENSG00000180209,16,30370934,30377991,1,MYL11
ENSG00000180329,17,44673069,44689779,-1,CCDC43
ENSG00000180340,17,44557484,44561262,1,FZD2
ENSG00000180370,3,196739857,196832647,1,PAK2
ENSG00000180806,12,53994895,54003337,1,HOXC9
ENSG00000181019,16,69706996,69726668,-1,NQO1
ENSG00000181090,9,137618992,137870016,1,EHMT1
ENSG00000181092,3,186842704,186858463,1,ADIPOQ
ENSG00000181104,5,76716126,76735770,1,F2R
ENSG00000181143,19,8848844,9010390,-1,MUC16
ENSG00000181555,3,47016428,47164113,-1,SETD2
ENSG00000181852,12,56202179,56221933,-1,RNF41
ENSG00000182077,10,27397121,27414368,-1,PTCHD3
ENSG00000182263,2,163593396,163736012,-1,FIGN
ENSG00000182533,3,8733802,8841808,1,CAV3
ENSG00000182670,21,37073226,37203112,1,TTC3
ENSG00000182871,21,45405165,45513720,1,COL18A1
ENSG00000182872,X,47145221,47186813,1,RBM10
ENSG00000182963,17,44798448,44830816,-1,GJC1
ENSG00000182968,13,112067149,112071706,1,SOX1
ENSG00000183023,2,40097270,40611053,-1,SLC8A1
ENSG00000183036,21,39867438,39929397,1,PCP4
ENSG00000183044,16,8674596,8784575,1,ABAT
ENSG00000183072,5,173232109,173235311,-1,NKX2-5
ENSG00000183145,21,37006150,37019662,1,RIPPLY3
ENSG00000183287,18,59430939,59697662,-1,CCBE1
ENSG00000183337,X,40049815,40177329,-1,BCOR
ENSG00000183762,22,29073035,29168333,1,KREMEN1
ENSG00000183773,22,20965108,20981360,1,AIFM3
ENSG00000183785,22,18110100,18146683,1,TUBA8
ENSG00000183873,3,38548057,38649743,-1,SCN5A
ENSG00000183914,17,7717744,7833742,1,DNAH2
ENSG00000184009,17,81509413,81523847,-1,ACTG1
ENSG00000184058,22,19756703,19783593,1,TBX1
ENSG00000184060,17,30906344,30959945,1,ADAP2
ENSG00000184113,22,19523024,19527545,-1,CLDN5
ENSG00000184271,12,51186936,51218062,-1,POU6F1
ENSG00000184384,11,95976598,96343195,-1,MAML2
ENSG00000184436,22,20999104,21002196,-1,THAP7
ENSG00000184465,6,169457212,169702067,-1,WDR27
ENSG00000184675,X,64185117,64205708,-1,AMER1
ENSG00000184895,Y,2786855,2787682,-1,SRY
ENSG00000184905,X,102125679,102140426,1,TCEAL2
ENSG00000184937,11,32387775,32435564,-1,WT1
ENSG00000184986,14,105526583,105530198,1,TMEM121
ENSG00000185022,22,38200767,38216511,1,MAFF
ENSG00000185189,8,143833583,143840973,-1,NRBP2
ENSG00000185215,14,103121476,103137439,1,TNFAIP2
ENSG00000185252,22,20394115,20408461,1,ZNF74
ENSG00000185339,22,30607003,30627271,1,TCN2
ENSG00000185345,6,161347417,162727775,-1,PRKN
ENSG00000185437,21,39445855,39515506,1,SH3BGR
ENSG00000185532,10,50990888,52298423,1,PRKG1
ENSG00000185551,15,96325938,96340263,1,NR2F2
ENSG00000185559,14,100725705,100738224,1,DLK1
ENSG00000185591,12,53380176,53416446,1,SP1
ENSG00000185615,16,283164,287215,1,PDIA2
ENSG00000185630,1,164555584,164899296,1,PBX1
ENSG00000185634,15,48823741,48963919,-1,SHC4
ENSG00000185650,14,68787655,68796253,-1,ZFP36L1
ENSG00000185669,16,88677688,88686507,-1,SNAI3
ENSG00000185808,21,37062846,37073170,-1,PIGP
ENSG00000185838,22,19783223,19854939,-1,GNB1L
ENSG00000185842,1,224896262,225399292,1,DNAH14
ENSG00000185920,9,95442980,95517057,-1,PTCH1
ENSG00000186260,16,14071319,14266773,1,MRTFB
ENSG00000186340,6,169215780,169254050,-1,THBS2
ENSG00000186350,9,134317098,134440585,1,RXRA
ENSG00000186439,6,123216339,123637189,-1,TRDN
ENSG00000186642,11,72576141,72674591,-1,PDE2A
ENSG00000186766,10,127737185,127741183,1,FOXI2
ENSG00000186868,17,45894527,46028334,1,MAPT
ENSG00000186976,22,43528744,43812337,-1,EFCAB6
ENSG00000187094,3,42257825,42266185,-1,CCK
ENSG00000187240,11,103109410,103479863,1,DYNC2H1
ENSG00000187486,11,17365172,17389331,-1,KCNJ11
ENSG00000187513,1,34792999,34795747,1,GJA4
ENSG00000187535,16,1510427,1612072,-1,IFT140
ENSG00000187546,7,15200317,15562015,-1,AGMO
ENSG00000187790,14,45135930,45200890,1,FANCM
ENSG00000187837,6,26054760,26056470,-1,H1-2
ENSG00000188064,22,45920366,45977162,-1,WNT7B
ENSG00000188095,15,89760591,89778754,1,MESP2
ENSG00000188107,6,63719980,65707226,-1,EYS
ENSG00000188158,X,17375200,17735994,1,NHS
ENSG00000188529,1,23964347,23980927,-1,SRSF10
ENSG00000188917,X,101009346,101052116,-1,TRMT2B
ENSG00000189090,10,47487219,47491700,-1,FAM25G
ENSG00000189171,1,153618779,153634412,-1,S100A13
ENSG00000196091,12,101568353,101686028,1,MYBPC1
ENSG00000196305,9,92210207,92293854,-1,IARS1
ENSG00000196363,9,134135365,134159968,1,WDR5
ENSG00000196482,1,216503246,217137755,-1,ESRRG
ENSG00000196507,X,103607451,103629690,1,TCEAL3
ENSG00000196591,6,113933028,114011308,-1,HDAC2
ENSG00000196628,18,55222185,55664787,-1,TCF4
ENSG00000196689,17,3565444,3609411,-1,TRPV1
ENSG00000196712,17,31094927,31382116,1,NF1
ENSG00000196781,9,81583683,81689547,-1,TLE1
ENSG00000196782,4,139716753,140154184,-1,MAML3
ENSG00000196923,5,177483394,177497606,-1,PDLIM7
ENSG00000196924,X,154348524,154374634,-1,FLNA
ENSG00000197079,17,41476710,41481151,-1,KRT35
ENSG00000197122,20,37344685,37406050,1,SRC
ENSG00000197272,16,28499362,28512051,-1,IL27
ENSG00000197381,21,45073853,45226560,1,ADARB1
ENSG00000197386,4,3041363,3243957,1,HTT
ENSG00000197461,7,497258,520296,-1,PDGFA
ENSG00000197579,9,32540544,32552586,-1,TOPORS
ENSG00000197603,5,37106228,37249376,-1,CPLANE1
ENSG00000197616,14,23381982,23408273,-1,MYH6
ENSG00000197653,12,123762188,123935720,1,DNAH10
ENSG00000197756,2,216498825,216579180,1,RPL37A
ENSG00000197921,1,2528745,2530263,-1,HES5
ENSG00000198003,19,11420604,11435782,-1,ODAD3
ENSG00000198055,5,177403204,177442901,1,GRK6
ENSG00000198093,19,51889235,51905040,-1,ZNF649
ENSG00000198125,22,35606764,35637951,-1,MB
ENSG00000198300,19,56810077,56840728,-1,PEG3
ENSG00000198353,12,54016931,54056030,1,HOXC4
ENSG00000198467,9,35681992,35690056,-1,TPM2
ENSG00000198633,19,52429148,52452315,1,ZNF534
ENSG00000198707,12,88049016,88142099,-1,CEP290
ENSG00000198719,6,170282206,170306565,-1,DLL1
ENSG00000198742,7,99027440,99144108,-1,SMURF1
ENSG00000198755,6,35468401,35470785,1,RPL10A
ENSG00000198836,3,193593144,193697811,1,OPA1
ENSG00000198873,10,119207571,119459745,1,GRK5
ENSG00000198914,2,104853287,104858574,1,POU3F3
ENSG00000198947,X,31097677,33339609,-1,DMD
ENSG00000203734,6,138795911,138904070,1,ECT2L
ENSG00000203883,20,64047582,64049639,-1,SOX18
ENSG00000203965,1,63523372,63572693,1,EFCAB7
ENSG00000204104,2,238320441,238400897,1,TRAF3IP1
ENSG00000204217,2,202376327,202567751,1,BMPR2
ENSG00000204219,1,23380909,23424748,-1,TCEA3
ENSG00000204291,9,98943179,99070787,1,COL15A1
ENSG00000204301,6,32194843,32224067,-1,NOTCH4
ENSG00000204531,6,31164337,31180731,-1,POU5F1
ENSG00000204842,12,111443485,111599676,-1,ATXN2
ENSG00000204852,12,110614027,110663431,1,TCTN1
ENSG00000205038,8,109362461,109537207,1,PKHD1L1
ENSG00000205250,16,67192155,67198918,1,E2F4
ENSG00000205420,12,52487176,52493257,-1,KRT6A
ENSG00000205670,21,34375480,34416961,1,SMIM11
ENSG00000205683,14,72609034,72894101,-1,DPF3
ENSG00000205758,21,33589341,33643926,-1,CRYZL1
ENSG00000211892,14,105620506,105626066,-1,IGHG4
ENSG00000213626,2,30231534,30323730,1,LBH
ENSG00000213639,2,28751640,28802940,1,PPP1CB
ENSG00000213923,22,38290691,38318084,-1,CSNK1E
ENSG00000213931,11,5268345,5505652,-1,HBE1
ENSG00000214548,14,100779206,100861031,1,MEG3
ENSG00000215301,X,41333348,41364472,1,DDX3X
ENSG00000215440,20,58689131,58719238,1,NPEPL1
ENSG00000218336,4,182143987,182803024,1,TENM3
ENSG00000221914,8,26291508,26372680,1,PPP2R2A
ENSG00000223817,10,71508153,71511873,-1,CDH23-AS1
ENSG00000225697,3,48625723,48635493,-1,SLC26A6
ENSG00000227507,6,31580525,31582522,-1,LTB
ENSG00000228630,12,53962308,53975055,-1,HOTAIR
ENSG00000228716,5,80626226,80654983,-1,DHFR
ENSG00000230989,16,83719311,83819737,1,HSBP1
ENSG00000232810,6,31575565,31578336,1,TNF
ENSG00000236320,17,35543985,35560819,-1,SLFN14
ENSG00000237476,22,20957092,20964881,1,LINC01637
ENSG00000237521,19,9247344,9252625,1,OR7E24
ENSG00000237763,1,103655760,103664554,1,AMY1A
ENSG00000241186,3,46574534,46582457,1,CRIPTO
ENSG00000241837,21,33903453,33915814,-1,ATP5PO
ENSG00000241973,22,20707691,20859417,-1,PI4KA
ENSG00000242808,3,180989510,181836880,1,SOX2-OT
ENSG00000242866,15,43599563,43618800,-1,STRC
ENSG00000243709,1,225886282,225911382,-1,LEFTY1
ENSG00000243927,21,34073224,34362252,1,MRPS6
ENSG00000247708,4,4542090,4821468,1,STX18-AS1
ENSG00000248464,5,44388732,44413989,1,FGF10-AS1
ENSG00000250007,15,34755062,34813505,1,GJD2-DT
ENSG00000250317,4,25861830,25929813,1,SMIM20
ENSG00000251562,11,65497606,65508073,1,MALAT1
ENSG00000255346,15,69014695,69062762,1,NOX5
ENSG00000256269,11,119084866,119093834,1,HMBS
ENSG00000258839,16,89912119,89920973,1,MC1R
ENSG00000258947,16,89921392,89938761,1,TUBB3
ENSG00000262075,9,136322303,136327642,-1,DKFZP434A062
ENSG00000262576,5,141355021,141512975,1,PCDHGA4
ENSG00000263639,10,46033307,46048180,-1,MSMB
ENSG00000265107,1,147756199,147773362,-1,GJA5
ENSG00000266173,17,63682336,63741986,-1,STRADA
ENSG00000266240,4,13627865,13627957,1,MIR5091
ENSG00000266714,17,75587800,75626849,1,MYO15B
ENSG00000266967,17,42950526,42964498,-1,AARSD1
ENSG00000269821,11,2597308,2700003,-1,KCNQ1OT1
ENSG00000269959,19,51685363,51693456,-1,SPACA6-AS1
ENSG00000274523,7,75027122,75074228,-1,RCC1L
ENSG00000274749,21,30829039,30829759,-1,KRTAP7-1
ENSG00000277363,17,38530031,38605952,-1,SRCIN1
ENSG00000283888,15,96333261,96333307,1,MIR1469
ENSG00000284595,17,75498548,75498628,1,MIR6785
ENSG00000284862,3,180602858,180684942,-1,CCDC39
